welfare_id,welfare_service_name,welfare_dept_name,welfare_target_detail,welfare_crit,welfare_service_content,welfare_howto,welfare_contact,welfare_phone,welfare_site_name,welfare_site_link,welfare_purpose,welfare_family,welfare_target,welfare_life
WLF00001169,의료급여 틀니·치과임플란트,보건복지부 기초의료보장과,"만 65세 이상의 의료급여수급권자이면서, 치과 병의원에서 시술 전에 국민건강보험공단 등록시스템(요양기관 정보마당)을 통해 직접 등록 또는 의료급여 수급권자가 발급받은 발급받은 틀니(치과임플란트) 등록신청서를 관할 시군구청 또는 읍면동에 방문하여 제출등록하신 분을 지원합니다.(사전등록제 실시)


틀니는 동일부위(상악하악) 동일종류(완전틀니부분틀니)의 경우 7년에 1회 급여적용이 원칙이며, 구강상태가 심각하게 변화되어 새로운 틀니가 필요한 경우 7년 이내에 재제작 가능
치과 임플란트는 1인당 평생 2개 급여 적용
진료전달체계: 의료급여 진료절차(1차2차3차) 준수","


틀니에 대한 기준은 다음과 같습니다.

급여시작일



틀니 급여시작일







급여내용
시작일자




레진상 완전틀니
2012년 7월 1일부터~


금속상 완전틀니
2015년 7월 1일부터~


금속상부분틀니
2013년 7월 1일부터~


사후 유지관리
2012년 10월 1일부터~





대상자: 만 65세 이상 의료급여 수급권자
* (12년 7월) 만 75세 이상(15년 7월) 만 70세 이상(16년 7월)만 65세 이상
급여대상: 레진상 완전틀니, 금속상 완전틀니, 클라스프 부분틀니, 사전 임시 틀니, 사후 유지관리
* 사후 유지관리는 틀니 급여화 이전에 비급여로 제작하여 사용하고 있는 수급권자를 포함하여 급여 지원
본인부담: 1종 수급권자 5%, 2종 수급권자 15%, 부분틀니 지대치는 별도 본인부담(비급여)
(* 17년 11월부터 1종 수급권자 5%, 2종 수급권자 15% 적용)
급여횟수: 원칙적으로 동일부위(상악하악) 동일종류(완전틀니부분틀니)의 경우 7년에 1회 급여적용하나, 구강상태가 심각하게 변화되어 새로운 틀니가 필요한 경우 7년 이내에 재 제작 가능하며, 사전등록제 실시로 틀니 수급권자 이력 관리가 가능하므로 중복급여 여부 확인 가능


치과 임플란트에 대한 기준은 다음과 같습니다.

급여시작일: 2014년 7월 1일부터~
대상자: 만 65세 이상 부분무치악 환자(완전무치악은 제외)
* (14년 7월) 만 75세 이상(15년 7월) 만 70세 이상(16년 7월) 만 65세 이상
급여대상: 1인당 평생 2개 지원
본인부담: 1종 10%, 2종 20%, 필요에 따라 시행하는 부가수술(골이식술 등)은 비급여
중복급여: 부분틀니와 중복급여 가능, 사전등록제 실시로 급여갯수 등 수급권자 이력 관리 가능






","틀니 및 치과 임플란트에 대한 의료급여를 다음과 같이 지원합니다.



자격별 급여지원비율








급여내용
1종
2종




틀니
급여비용 총액의 100분의 95
급여비용 총액의 100분의 85


치과 임플란트
급여비용 총액의 100분의 90
급여비용 총액의 100분의 80





수익자부담은 입원외래 구분 없이 아래와 같습니다.

틀니 : 급여비용총액의 1종 수급권자 5%, 2종 수급권자 15%
치과 임플란트 : 급여비용총액의 1종 수급권자 10%, 2종수급권자 20%","거주지 읍/면/동 주민센터, 에서 ‘서비스 신청’",보건복지부 콜센터,129,보건복지부 콜센터,http://www.129.go.kr,9,저소득,5,6
WLF00001178,청소년 발달장애학생 방과후활동서비스,보건복지부 장애인서비스과,"만 12세 ~ 17세의 중고등학교(일반학교 및 특수학교), 전공과에 재학 중인 「장애인복지법」상 등록된 지적 및 자폐성 장애인을 지원합니다.","
                                   
                                   
                                   
                                   
선정기준은 지원대상의 내용을 참고해주시기 바랍니다.
                                   
                                   
",청소년 발달장애인이 방과후 안전한 돌봄을 지원받을 수 있도록 방과후활동 이용권(바우처) 월 44시간 제공합니다.,"거주지 읍/면/동 주민센터, 에서 ‘서비스 신청’",지역발달장애인지원센터,,지역발달장애인지원센터,www.broso.or.kr,9,장애인,5,"청소년, 아동"
WLF00001179,노인 무릎인공관절 수술 지원 사업,보건복지부 치매정책과,무릎인공관절 수술이 필요한 저소득층 노인을 지원합니다.,"



만 60세 이상인 자를 지원합니다.
건강보험급여 '인공관절치환술(슬관절)' 인정기준에 준하는 질환자를 지원합니다.
「국민기초생활 보장법」기초생활수급자, 차상위계층,「한부모가족지원법」에 따른 지원대상자를 지원합니다.

",수술비 본인부담금 120만원을 지원(한쪽 무릎 기준)합니다.,"거주지 읍/면/동 주민센터, 보건소에서 ‘서비스 신청’",노인의료나눔재단,02-711-6599,노인의료나눔재단,www.ok6959.or.kr,9,"저소득, 한부모·조손",5,"노년, 중장년"
WLF00001182,학교우유급식,농림축산식품부 축산경영과,"초중고등학교에 재학 중인 생계, 의료, 주거, 교육급여 가구의 학생에게 지원합니다.
한부모 가정의 대상자에게 지원합니다.
특수교육 대상자에게 지원합니다.
차상위계층 가구의 학생에게 지원합니다.
*차상위계층은 소득 인정액이 기준 중위소득의 50% 이하인 사람 중 기초생활수급자가 아닌 경우
차상위 자활차상위 본인부담차상위 장애수당차상위 장애연금우선돌봄 차상위 대상자 가구의 초등학생, 중학생에게 지원합니다.
예산 범위 내에서 시도시자사가 지역 여건에 따라 해당 교육기관과 협의하여 교육비 지원대상자, 국가유공자 자녀 등에게도 지원합니다.","
                                   
                                   
                                   
                                   
선정기준은 지원대상의 내용을 참고해주시기 바랍니다.
                                   
                                   
",대상 학생들의 학교우유급식으로 우유(200ml)를 연 250일 내외로 무상지원합니다(우유단가: 430원/개).,"거주지 읍/면/동 주민센터, 에서 ‘서비스 신청’",농림축산식품부,044-201-2341,농림축산식품부,www.mafra.go.kr,9,"한부모·조손, 저소득",5,6
WLF00001184,암환자의료비지원,보건복지부 질병정책과,소아암환자와 성인암환자에게 의료비를 지원합니다.,"


소아암환자의 경우 의료급여 수급자는 당연 선정되며, 건강보험 가입자는 소득 기준과 재산 기준을 모두 충족하고, 만 18세 미만인 경우에만 지원 대상자로 선정합니다.
성인암환자는 의료급여 수급자는 당연 선정되며, 건강보험 가입자는 건강보험료* 국가 암검진 수검이력을 확인하여 연속 최대 3년 지원합니다.
* 1월 건강보험료 기준 직장가입자 103,000원 이하, 지역가입자 97,000원 이하 선정




","소아암환자와 성인암환자에게 공통으로 지원되는 서비스는 다음과 같습니다.

암 진단 과정에서 소요된 검사(진단)관련 의료비
암 진단일(최종 진단)이후의 암 치료비
암 치료로 인한 합병증 관련 의료비
전이된 암, 재발암 치료비
의료비 관련 약제비


소아암환자는 연속 지원되며, 백혈병의 경우 3천만원, 백혈병 이외에는 2천만원(조혈모세포이식 시 3천만원)을 지원합니다.
성인암환자는 연속 최대 3년 지원되며, 의료비 지원금액은 다음과 같습니다.

건강보험 가입자: 본인일부부담금에 대하여 연간 최대급여 200만원까지 지원
의료급여 수급자: 본인일부부담금 연간 최대 120만원, 비급여 본인부담금은 연간 최대 100만원까지 지원","거주지 읍/면/동 주민센터, 에서 ‘서비스 신청’",국가암정보센터,1577-8899,국가암정보센터,http://www.cancer.go.kr,9,저소득,5,6
WLF00001185,의료급여수급권자 영유아건강검진비 지원,보건복지부 건강증진과,의료급여 수급권자 중 만 6세 미만의 모든 영유아를 대상으로 합니다.,"
                                   
                                   
                                   
                                   
선정기준은 지원대상의 내용을 참고해주시기 바랍니다.
                                   
                                   
","성장 이상, 발달 이상, 비만, 안전사고, 영아 급사 증후군, 청각이상, 시각이상, 치아 우식증 등을 예방합니다.
영유아 건강검진 항목은 각 월령에 특화된 문진(시각청각 문진 포함)과 진찰, 신체계측(신장체중두위)을 공통으로 실시하며, 9종의 건강교육과 발달평가 및 상담(1, 2차 제외)을 지원합니다.
검진주기는 14~35일, 4~6개월, 9~12개월, 18~24개월, 30~36개월, 42~48개월, 54~60개월, 66~71개월입니다.","거주지 읍/면/동 주민센터, 에서 ‘서비스 신청’",,,,http://www.nhis.or.kr/,9,저소득,5,6
WLF00001188,산모·신생아 건강관리 지원사업,보건복지부 사회서비스사업과,"국내에 주민등록(주민등록을 한 재외국민 포함) 또는 외국인 등록을 둔 출산 가정*을 지원합니다. * 단, 부부 모두가 외국인인 경우 각각의국내 체류자격 비자(사증) 종류가 F-2(거주), F-5(영주), F-6(결혼이민)인 경우에 한함","



산모 또는 배우자가생계의료주거교육급여 수급자 또는 차상위계층*에 해당하는 출산가정을 지원합니다. * 차상위본인부담경감, 차상위자활, 차상위장애인, 차상위자격확인
산모 및 배우자의 건강보험료 본인부담금 합산액이 전국가구 기준 중위소득 120%이하이며, 출산(예정)일 전 40일 또는 출산 후 30일 이내에 신청한 경우 지원받을 수 있습니다. 

해당 가구의 건강보험료 합산 방법은 관할 시군구(보건소)에 문의

소득기준을 초과하더라도 특수가정에 대해서는 지방자치단체별 예외지원* 가능(지방자치단체별 지원 여부에 대한 자세한 사항은 관할 보건소 문의) * 희귀난치성질환장애인새터민결혼이민미혼모 산모, 쌍생아셋째아 이상 출산 가정, 기타 소득기준 완화 등
출산(예정)일이 '21. 5.22.이후부터 건강보험료 본인부담 합산액 기준 중위소득150%이하 금액에 해당하는 가정으로 확대하여 지원합니다.
태아유형별 서비스 가격 및 정부지원금은 공지사항 참고
☞ 2022년도 산모신생아건강관리 지원사업 관련안내 바로가기

","태아 유형, 출산 순위에 따라 바우처 지원기간 상이합니다. 

단태아: 첫째아(10일), 둘째아(15일), 셋째아 이상(15일)
쌍태아 및 중증장애산모단태아 : 15일
삼태아 이상 및 중증장애산모쌍태아 이상 : 20일
표준서비스기간을 기준으로 이용자의 선택에 따라 5일 단축 또는 5일 연장 이용가능

산모ㆍ신생아 건강관리사가 일정기간 출산가정을 방문하여 산후관리*를 도와주는 산모ㆍ신생아 건강관리 서비스 이용권을 지급합니다. * 산모건강관리(유방관리, 체조지원 등), 신생아 건강관리(목욕, 수유지원 등), 산모 식사준비, 산모신생아 세탁물 관리 및 청소 등","거주지 읍/면/동 주민센터,  또는 복지로 웹사이트(PC/모바일앱)에서 ‘서비스 신청’",사회서비스바우처,,사회서비스바우처,http://www.socialservice.or.kr,9,저소득,5,6
WLF00003168,(북한이탈주민)취업 지원,정착지원과,"고용지원금은 취업보호기간(거주지 보호기간 중 최초 취업한 날부터 3년) 내 북한이탈주민을 고용한 사업주를 지원합니다.
취업장려금, 직업훈련장려금, 자격취득장려금은 거주지 보호기간(5년) 내의 북한이탈주민의 취업을 지원합니다.

2014년 11월 29일 이후 입국하여 보호결정을 받은 주민은 장려금을 지급하지 않고, 미래행복통장 제도가 적용","


고용지원금은 최소 1개월 이상(월 15일 이상 근무) 근무한 북한이탈주민을 고용한 사업주를 선정합니다.

단란주점영업 및 유흥주점영업, 사행행위 영업의 경우 지급불가


취업장려금은 거주지보호기간 중 6개월 이상 동일한 업체에 근무한 북한이탈주민을 선정합니다.
직업훈련장려금은 직업능력개발훈련시설, 연수기관, 경력단절여성지원센터에서 실시하는 직업훈련과정을 수료한 북한이탈주민을 선정합니다.
자격취득장려금은 다음의 기준에 따라 선정합니다.

직업능력개발훈련시설, 연수기관, 경력단절여성지원센터에서 실시하는 직업훈련과정을 500시간 이상 수료한 후 국가기술자격 또는 국가자격 또는 공인자격을 취득한 경우
직업훈련 수료여부와 관계없이 기술·기능분야에서 기능사 이상의 자격을 취득한 경우 및 서비스분야 자격등급 중 2등급 이상의 자격을 취득한 경우
임상병리사·방사선사·물리치료사·작업치료사·치과기공사·치과위생사·간호조무사·의무기록사·안경사, 보육교사 3급 이상 자격증, 사회복지 3급 이상 자격증과 2010.9.13. 이후 취득한 요양보호사 자격증 취득의 경우






","고용지원금은 북한이탈주민을 고용한 사업주에게 임금의 1/2을 최대 4년까지 50만원 한도에서 지원합니다.
취업장려금은 6개월 이상 동일한 업체에 근무한 북한이탈주민에게 최대 3년 지원합니다.
(수도권1년차500만원, 2년차 600만원, 3년차 700만원, 지방 1년차 600만원, 2년차 700만원, 3년차 800만원)
직업훈련 장려금은 북한이탈주민이 500시간 이상 직업훈련과정을 수료하면 최대 120만원을 지원합니다.
(620시간 이상 140만원, 740시간 이상 160만원, 국가기간전략산업직종 등 수료자 추가 장려금 200만원)
자격취득 장려금은 북한이탈주민이 일정한 자격을 취득하면 200만원을 지원합니다.","거주지 읍/면/동 주민센터, 에서 ‘서비스 신청’",통일부 정착지원과,02-2100-5922,통일부 정착지원과,www.unikorea.go.kr,9,다문화·탈북민,5,6
WLF00003171,의료급여본인부담면제,보건복지부 기초의료보장과,의료급여 수급권자 중 본인부담 면제 대상자에게 지원합니다.,"


1종 의료급여 수급자 중 다음 사항에 해당하는 자에게 제공합니다.

18세 미만인 자, 20세 이하이며 중고등학교에 재학 중인 자
임산부
무연고자로 확인된 사람
노숙인 진료시설을 이용하는 노숙인 등
장기이식환자, 가정간호를 받고 있는 자
등록 중증질환자 및 보건복지부 장관이 정하여 고시하는 희귀중증난치성 질환을 가진 사람
그 밖에 보건복지부령으로 정하는 사람






","대상자가 외래 진료를 받을 경우, 의료급여 비용의 본인부담금 전액을 면제합니다.","거주지 읍/면/동 주민센터, 에서 ‘서비스 신청’",보건복지부 콜센터,129,보건복지부 콜센터,http://www.129.go.kr,9,저소득,5,6
WLF00003172,(북한이탈주민)정착금 지원,,통일부장관의 보호 결정을 받은 북한이탈주민을 지원합니다.,"

세대 및 세대구성원의 수, 연령, 건강상태, 근로능력, 직업훈련, 자격취득, 취업기간 등을 고려하여 지원합니다.



","정착금 기본금(1인세대 기준 800만원)은 다음과 같이 지원합니다.

초기지급금(500만원)은 하나원 퇴소시 지급
분할지급금(300만원)은 거주지 편입 후 1년 동안 분기별로 분할 지급



주거지원금(1,600만원)은 다음과 같이 지원합니다.

실입주보증금을 수료 시 임대기관에 지급하고 잔액은 거주지보호기간이 종료되는 5년 후 지급



정착금 가산금은 다음과 같이 지원합니다.

고령(800만원), 장애, 한부모가정 아동보호(400만원), 장기치료, 제3국출생아동양육으로 구분
 지급
동일세대의 총지급액은 월 최저임금의 50배 이내
장애 결정 후 등급을 달리하는 장애인은 기지급 가산금을 공제
지급시기는 분할금 지급 종료 후 4년간 분할 지급(1세대에 1개 사유만 인정)



장려금은 다음과 같이 지원합니다.

취업장려금(수도권 1년차 500만원, 2년차 600만원, 3년차 700만원, 지방 1년차 600만원, 2년차 700만원, 3년차 800만원)은 거주지보호기간(5년) 중 6개월 이상 동일업체에서 근무한 자에게 최장 3년까지 지급
직업훈련장려금은 총 500시간 이상의 직업훈련(지정)을 수료한 자에게 1회에 한하여 지급하고 자격취득장려금은 일정한 자격을 취득한 경우 1회에 한하여 지급(단, ‘14.11.28.까지 입국자)","거주지 읍/면/동 주민센터, 에서 ‘서비스 신청’",북한이탈주민지원재단(정착금 장애·장기치료·제3국출생아동양육가산금),02-3215-5792,북한이탈주민지원재단(정착금 장애·장기치료·제3국출생아동양육가산금),,9,다문화·탈북민,5,6
WLF00003174,장애인창업육성,중소벤처기업부,장애인(국가유공자 중 상이자 포함) 예비창업자와 업종전환자를 지원합니다.,"


장애인 맞춤형 창업교육은 창업의지가 높은 장애인이 대상(선착순)으로 지원합니다.
장애인창업사업화 지원은 사업성을 평가하여 선정합니다.
장애인 창업아이템 경진대회는 아이템 사업화 등을 평가하여 선정합니다.
발달장애인 가족창업 특화사업장 구축은 지역선정위원회를 통해 평가하여 선정합니다.




","발달장애인 가족창업 특화사업장 구축(2개소)하고, 장애인 창업교육, 멘토링, 사업화 자금을 지원*(65명)하며,장애인 창업아이템 경진대회 성적 우수자에 대해 상금 및 중소벤처기업부 장관 상을 수여합니다.
* 1인당 최대 20백만원 한도","거주지 읍/면/동 주민센터, (재)장애인기업종합지원센터에서 ‘서비스 신청’",장애인기업종합지원센터 문의전화,02-2181-6500,장애인기업종합지원센터 문의전화,https://www.debc.or.kr,9,장애인,5,6
WLF00003176,농식품바우처 시범사업,농림축산식품부 식생활소비진흥과,"2021년 농식품바우처 시범지역의 기초생활수급자와 차상위계층 가구를 지원합니다. 
 
9개 지역(강원 평창군, 충북 괴산군, 충남 청양군, 충남 당진시, 전북 김제시, 전남 해남군, 경북 예천군, 경남 거제시, 경남 밀양시) 
 
2022년 농식품 바우처 시범지역은 공모중이며 시범지역의 기초생활수급자와 차상위계층 가구에 지원합니다. * 2022년 2월경 시범지역 선정, 3월경부터 지원 예정"," 
 
 
 
중위소득 50% 이하 가구로 기초생활수급자나 차상위계층을 지원합니다. 
 
","농협 하나로마트 등의 공급처에서 과일, 채소, 우유, 계란 등의 국산 농산물을 구매할 수 있는 농식품바우처 전자카드를 제공합니다.","거주지 읍/면/동 주민센터, 시범 지역 읍면동주민센터에서 ‘서비스 신청’",농식품바우처 콜센터,02-538-1957,농식품바우처 콜센터,http://www.at.or.kr/fooddream,9,저소득,5,6
WLF00003177,복권기금 꿈사다리 장학사업,교육부 교육복지정책과,"학교에 재학 중인 중2~고3 학생 중 역량과 잠재력이 있는 우수학생을 지원합니다.

다만, 고등공민학교 및 고등기술학교는 제외


대상자 기본 요건은 다음과 같습니다.

국민기초생활수급자
한부모가족 지원대상자
법정 차상위계층 학생","


꿈장학생은 직전 학년 결석 10회 미만, 직전 학년 봉사활동 실적 연간 10시간 이상, 직전 학년 성적 등을 고려해 선발합니다.
재능장학생은 직전 학년 결석 10회 미만, 교과 성적 제한 없이 선발합니다.
SOS장학생은 교과, 비교과 최소 기준 없이 선발합니다.
추천 및 신청 제외 학생은 다음과 같습니다.

학교폭력 가해 등 사회적 물의를 일으킨 학생
정부지자체 및 공공기관의 타 계속 장학금을 수혜 중인 학생






",매월 25-45만원 장학금(학교급 및 유형별 차등지급) 지원합니다.,"거주지 읍/면/동 주민센터, 에서 ‘서비스 신청’",한국장학재단 상담센터,1599-2290,한국장학재단 상담센터,http://www.kosaf.go.kr/,9,"저소득, 한부모·조손",5,청소년
WLF00003186,양육비 이행 원스톱 종합서비스,여성가족부 가족지원과,"만 19세 미만 자녀를 양육하고 있는 한부모 조손가족을 지원합니다.
취학 중인 22세 미만 자녀와 군복무 후 복학한 22세 미만 + 군 복무기관 자녀를 양육하고 있는 한부모와 조손가족을 지원합니다.","


소득과 재산 정도에 상관없이 한부모가족조손가족인 경우에 지원합니다.
한부모가족증명서가 발급되지 않는 한부모가족도 지원합니다.




","1회 신청으로 자녀가 성인이 될 때까지 상담에서 협의, 소송, 채권추심, 사후 이행 모니터링까지 맞춤형 종합서비스를 제공합니다.","거주지 읍/면/동 주민센터, 에서 ‘서비스 신청’",양육비이행관리원,1644-6621,양육비이행관리원,www.childsupport.or.kr,9,한부모·조손,5,6
WLF00003188,다문화·탈북학생 멘토링,교육부 교육기회보장과,"초등학생, 중학생, 고등학생 중 다문화 가정의 학생과 탈북 학생을 지원합니다.","
                                   
                                   
                                   
                                   
선정기준은 지원대상의 내용을 참고해주시기 바랍니다.
                                   
                                   
","다문화 가정의 학생과 탈북 학생의 기초학습을 지도합니다.
다문화 가정의 학생과 탈북 학생의 진로와 생활을 지도합니다.","거주지 읍/면/동 주민센터, 에서 ‘서비스 신청’",한국장학재단 고객센터,1599-2000,한국장학재단 고객센터,www.kosaf.go.kr,9,다문화·탈북민,5,"아동, 청소년"
WLF00003190,의료급여(의료급여대지급금지원),보건복지부 기초의료보장과,"2종 의료급여 수급권자에게 지원합니다.
비급여항목은 지원대상이 아닙니다.","


보장기관(시군구 또는 읍면동)에 대지급금을 신청한 수급자 중에서 대불 조건에 해당되는 수급자에게 지원합니다.




","의료급여 2종 수급자가 의료급여 기관에 입원하여 발생한 급여비용 중 본인부담금이 20만원을 초과한 경우, 수급권자 본인 또는 부양 의무자의 신청에 의해 보장 기관이 승인한 금액을 지원합니다.","거주지 읍/면/동 주민센터, 시군구에서 ‘서비스 신청’",보건복지부 콜센터,129,보건복지부 콜센터,http://www.129.go.kr,9,저소득,5,6
WLF00003191,노인맞춤돌봄서비스,보건복지부 노인정책과,"돌봄서비스가 필요한 만 65세 이상 어르신을 지원합니다.




중점돌봄군은 신체적인 기능제한으로 일상생활 지원 필요가 큰 대상으로 대상자 선정조사 결과, 신체영역이 상이면서 사회영역 또는 정신영역에서 중또는 상이 1개 이상으로 판정된 대상자 입니다.
일반돌봄군은 사회적인 관계 단절 및 일상생활 어려움으로 돌봄이 필요가 있는 대상으로 대상자 선정조사 결과, 사회영역이 중이상 이면서, 신체영역 또는 정신영역에서 중또는 상이 1개 이상으로 판정된 대상자(중점돌봄군 제외) 입니다.","


가구 소득, 건강상태 등을 고려하여 지원합니다.
①국민기초생활수급자, ②차상위계층 또는 ③기초연금수급자로서 유사중복사업 자격에 해당되지 않는 경우 선정합니다.
시/군/구청장이 서비스가 필요하다고 인정하는 경우에 예외적으로 제공합니다.




","아래와 같은 방문서비스를 지원합니다.

방문형, 통원형(집단 프로그램) 등의 직접 서비스(안전지원, 사회참여, 생활교육, 일상생활지원) 및 연계 서비스(민간후원 자원), 특화서비스, 사후관리서비스를 제공합니다.


개인별 조사, 상담에 따라 서비스 제공계획 수립을 통해 개인별 돌봄욕구, 필요정도에 따라 서비스 내용, 제공시간, 제공주기 등을 결정합니다.","거주지 읍/면/동 주민센터, 에서 ‘서비스 신청’",보건복지부,129,보건복지부,http://www.mohw.go.kr,9,저소득,5,노년
WLF00003198,장애아동수당,보건복지부 장애인자립기반과,만 18세 미만의 등록 장애인으로 생계의료주거교육급여 수급자 및 차상위계층을 지원합니다.,"


소득인정액이 기준 중위소득 50% 이하인 경우 지원합니다.
※ 4인 가구 기준 2,438,145원 이하
신청 월 기준으로 만 18세 미만인 경우에 지원합니다.

초/중등교육법 제2조에 따른 학교에 재학(휴학 포함) 중인 경우 18~20세 포함하되 장애인연금을 받는 경우 제외
신청일이 속하는 월의 말일까지 만 18세가 되는 경우는 제외


신청일 기준 등록 장애아동에게 지원합니다.

중증장애인: 장애인연금법상 중증 해당(종전 1급, 2급 및 3급 중복)
경증장애인: 장애인연금법상 중증 미해당(종전 3~6급)


가구의 범위는 국민기초생활보장제도의 가구 범위와 동일하게 적용하며, 가구 해체 방지를 위하여 별도 가구 특례 적용이 가능합니다.
소득인정액의 산정방식은 국민기초생활보장제도 방식과 동일합니다.

소득의 범위에 사적이전소득, 보장기관 확인소득, 부양비는 적용하지 않음


부양의무자 기준은 적용하지 않습니다.




","중증장애인은 다음과 같이 지원합니다.

국민기초생활보장 생계 또는 의료급여 수급자: 매월 20만원
국민기초생활보장 주거 또는 교육급여 수급자 및 차상위계층: 매월 15만원
보장시설에서 생활하는 생계 또는 의료급여 수급자: 매월 7만원


경증장애인은 다음과 같이 지원합니다.

국민기초생활보장 생계 또는 의료급여 수급자: 매월 10만원
국민기초생활보장 주거 또는 교육급여 수급자 및 차상위계층: 매월 10만원
보장시설에서 생활하는 생계 또는 의료급여 수급자: 매월 2만원","거주지 읍/면/동 주민센터, 에서 ‘서비스 신청’",보건복지부 콜센터,129,보건복지부 콜센터,http://www.129.go.kr,9,저소득,5,6
WLF00003202,의료급여(본인부담 상한금),보건복지부 기초의료보장과,의료급여 1종 및 2종 수급권자에게 지원합니다.,"


의료급여수급자 중 급여대상 본인부담금이 대통령령에서 정하는 금액을 초과한 수급권자를 선정합니다.

1종 수급권자 : 매30일간 5만원 초과한 경우
2종 수급권자 : 연간 80만원을 초과한 경우(단, 요양병원에 연간 240일을 초과하여 입원 시에는 연간 120만원을 초과한 경우)




지원제외대상

타 사업에서 지원 받는 경우 지원금액을 제외한 본인부담금을 지급합니다.

장애인복지법에 의한 등록 장애인으로 의료비 지원대상인 경우
긴급복지지원법에서 의료비를 지원 받은 경우
보건소 희귀난치성 질환자 지원, 소아암 지원 사업 등의 대상자로 의료비를 지원 받은 경우
기타 사회복지공동모금회 등 공공기관에서 지원 받는 진료비 등 수급권자 본인이 지급하지 아니하는 진료비


100% 본인부담 진료비는 제외합니다.

진료 개시일이 상한 일수를 초과한 경우(급여 상한기준을 초과하여 발생한 경우)
입원 식대 중 본인부담금 등
요양병원 중 정신병원과 장애인의료재활시설을 제외한 요양병원에서 입원진료를 받는 수급권자가 의료급여의뢰서 없이 다른 의료급여기관에서진료를 받는 경우에 소요된 비용의 총액


비급여 항목으로 진료를 받고 본인이 부담한 경우는 제외합니다.
수급권자 자신이 고의 또는 중대한 과실로 인하여 의료급여가 발생한 경우는 의료급여 제한 사유에 해당하므로 제외합니다.
수급권자가 속임수나 기타 부정한 방법으로 의료급여를 받은 경우는 부당 이득금 징수 대상에 해당하므로 제외합니다.




","본인부담 상한제는 다음과 같습니다.

1종 : 매 30일간 5만원을 초과한 경우 초과금액 전액 지급
2종 : 연간 80만원을 초과한 경우 초과금액 전액 지급
* 요양병원에 연간 240일을 초과하여 입원한 경우는 연간 120만원을 초과한 경우 초과금액 전액 지급


본인부담금 보상제를 먼저 적용한 후 본인부담금이 일정 수준(상한기준액)을 초과한 경우, 사후에 시/군/구청에서 초과금액을 수급권자에게 지급합니다.","거주지 읍/면/동 주민센터, 에서 ‘서비스 신청’",보건복지부 국민기초생활보장제도,,보건복지부 국민기초생활보장제도,http://team.mw.go.kr/blss,9,저소득,5,6
WLF00003203,사망일시금,국가보훈처 보상정책과,"지원대상 및 선정기준


보상금을 받고 있는 독립(국가)유공자 및 보훈보상대상자사망 시 다음의 대상자에게 지원합니다.

보상금 지급순위에 따라 유족에게 사망일시금을 지급
유족이 없을 경우, 사망 당시 생활을 같이 하고 있던 친족 중 재산 상속인이 될 자의 신청에 따라 당해 재산상속인에게 지급
재산 상속인이 될 자도 없는 경우에는 장제를 행하는 자에게 지급할 수 있음


보상금을 받고 있는 독립(국가)유공자 및 보훈보상대상자의 유족이 사망 시, 다음의 대상자에게 지원합니다.

당해 보상금을 받을 수 있는 다른 유족이 없는 경우에 한하여 지급
사망 당시 생활을 같이 하고 있던 친족 중 재산 상속인이 될 자의 신청에 따라 당해 재산상속인에게 지급
재산상속인이 될 자도 없는 경우에는 장제를 행하는 자에게 지급할 수 있음","



보상금을 받고 있는 독립(국가)유공자 및 보훈보상대상자사망 시 다음의 대상자에게 지원합니다.

보상금 지급순위에 따라 유족에게 사망일시금을 지급
유족이 없을 경우, 사망 당시 생활을 같이 하고 있던 친족 중 재산 상속인이 될 자의 신청에 따라 당해 재산상속인에게 지급
재산 상속인이 될 자도 없는 경우에는 장제를 행하는 자에게 지급할 수 있음


보상금을 받고 있는 독립(국가)유공자 및 보훈보상대상자의 유족이 사망 시, 다음의 대상자에게 지원합니다.

당해 보상금을 받을 수 있는 다른 유족이 없는 경우에 한하여 지급
사망 당시 생활을 같이 하고 있던 친족 중 재산 상속인이 될 자의 신청에 따라 당해 재산상속인에게 지급
재산상속인이 될 자도 없는 경우에는 장제를 행하는 자에게 지급할 수 있음






","애국지사 작고 시, 다음과 같이 일시금을 지원합니다.

건국훈장(1~3등급): 326만8,000원 지원
건국훈장(4등급): 320만8,000원 지원
건국훈장(5등급): 170만4,000원
건국포장: 120만8,000원
대통령 표창: 112만7,000 지원


애국지사 보상금 승계유족이 없을 경우, 다음과 같이 일시금을 지원합니다.

1~3등급 배우: 226만1,000원 지원
1~3등급 유족: 220만원 지원
4등급 유족: 198만9,000원 지원
5등급 이하 기타 유족: 112만7,000원 지원


상이군경 및 유족은 다음과 같이 지원합니다.

상이군경(1급): 170만4,000원 지원
상이군경(2~7급, 유족보상금 비승계): 144만4,000원 지원
상이군경(2~7급, 유족보상금 승계): 112만7,000원 지원
유족(보상금 종결시): 112만7,000원 지원","거주지 읍/면/동 주민센터, 에서 ‘서비스 신청’",국가보훈처,,국가보훈처,http://www.mpva.go.kr/,9,보훈대상자,5,6
WLF00003206,(북한이탈주민) 의료비 지원,정착지원과,2021년에 질병으로 치료받은 북한이탈주민을 지원합니다.,"


북한이탈주민 의료비 지원 사업 선정기준은 다음과 같습니다.

일반(한방)질환 : 연2회, 본인부담액의 50%, 최대 200만원
만성ㆍ중증ㆍ희귀난치성질환 : 횟수 무관, 본인부담금의 100%, 최대 700만원
출산, 불임(일반포함): 연1회, 본임부담금의 50%
* 체외수정 및 인공수정 당일비용 적용(진단서에 시술명 및 시술날짜 명시)
장기이식 : 1인 1회, 본인부담금 50% 최대 1,000만원
* 기증자의 경우, 중증질환 지원기준 적용


북한이탈주민 공공의료체계지원 사업 선정기준은 다음과 같습니다.

남북하나재단에 공공의료체계지원 신청 후 지원병원을 지정받은 자
만성중증희귀성질환, 법정 감염병, 심리질환으로 외래 또는 입원하여 진료받은 경우 및 상기 질환의 합병증에 해당하는 일반질환






","의료비 지원 사업 대상자에게 다음과 같이 지원됩니다.

일반(한방)질환 : 연 2회, 본인부담액의 50%, 최대 200만원
만성  중증  희귀난치성질환 : 횟수 무관, 본인부담금의 100%, 최대 700만원
출산, 불임(일반포함) : 연 1회, 본인부담금의 50%
* 체외수정 및 인공수정 당일비용 적용(진단서에 시술명 및 시술날짜 명시)
장기이식 : 1인 1회, 본인부담금 50% 최대 1,000만원
(기증자의 경우, 중증질환 지원기준 적용)


공공의료체계지원 사업 대상자에게는 1인당 연 최대 700만원 이내에서 지원됩니다.(횟수 무관, 본인부담금 전액)
※ 제외항목, 처리절차, 신청방법 등은 북한이탈주민지원재단 홈페이지에서 확인하세요!","거주지 읍/면/동 주민센터, 남북하나재단에서 ‘서비스 신청’",통일부 정착지원과,02-2100-5925,통일부 정착지원과,www.unikorea.go.kr,9,다문화·탈북민,5,6
WLF00003208,장기복무제대군인 취업지원,국가보훈처 제대군인일자리과,"군에서 10년 이상 복무 후 전역한 장교, 준사관, 부사관에게 취업을 지원합니다.
관할 제대군인지원센터 회원으로, 전역일 기준 5년 이상 복무자로서 1년 이내 전역 예정이거나 교육시작일 및 취업역량비 신청일 현재 전직교육기간 중인 자에게 취업역량 교육비를 지원합니다.
주소지 관할 보훈(지)청에 중장기복무 제대군인 지원대상으로 결정(등록)된 자로서, 전역 후 3년이 지나지 않은 미취업 상태의 제대군인에게 직업교육훈련 바우처를 지원합니다.","


취업지원의 선정기준은 다음과 같습니다.

군에서 10년 이상 복무 후 전역한 장교, 준사관, 부사관으로서 취업희망 신청서를 제출한 날 현재 전역 후 3년이 경과되지 아니한 자
전역 후 3년이 경과된 경우, 생활수준조사 결과 기준금액 이하인 자









","아래는 취업 지원의 세부사항입니다.

국가기관, 지방자치단체, 일상적으로 20인 이상(제조업체의 경우에는 200인 이상)을 고용하는 공기업체와 사기업체 및 단체에 취업을 지원합니다.
취업 지원은 1회입니다.(단, 업체 등의 폐업, 통합, 합병 기타 본인의 책임이 없는 사유로 퇴직한 경우에는 재취업 지원)
채용 시, 우대사항입니다.

- 제대군인(의무복무자 포함)
- 각종 채용시험에 응시 가능한 상한연령을 군복무기간에 따라 1～3세 연장
- 채용시험 결과가 동점인 경우에 제대군인을 우선적으로 합격시킴
- 호봉과 임금을 결정할 때, 군 복무 경력을 포함시킴","거주지 읍/면/동 주민센터, 에서 ‘서비스 신청’",보훈상담센터,1577-0606,보훈상담센터,,9,보훈대상자,5,6
WLF00003209,독립유공자 (손)자녀 생활지원금,국가보훈처 보상정책과,"보상금을 받지 않는 독립유공자의 (손)자녀로서 기초생활수급자(생계 및 의료급여),기준 중위소득 70% 이하자, 기초연금수급자(단독 또는 부부세대)에게 생활지원금을 지원합니다.","
                                   
                                   
                                   
                                   
선정기준은 지원대상의 내용을 참고해주시기 바랍니다.
                                   
                                   
","국민기초생활보장법의 기초생활수급자(단, 부양의무자 기준을 적용하지 않는 급여수급자는 제외)에게 월 478,000원을 지급합니다.
기준 중위소득 70% 이하 또는 기초연금수급자(단독 또는 부부세대)에게 월 345,000원을 지급합니다.
가구별 지급대상이 2인을 넘을 경우 2인부터는 월 100,000원 지급합니다.","거주지 읍/면/동 주민센터, 관할 보훈(지)청에서 ‘서비스 신청’",보훈상담센터,1577-0606,보훈상담센터,www.mpva.go.kr,9,저소득,5,6
WLF00003216,국가보훈대상자학습보조비지급,국가보훈처 생활안정과,"중학교, 고등학교에 재학 중인 유공자 본인 및 그 자녀, 전몰순직사망행방불명자의 배우자를 지원합니다.
대학교에 재학 중인 국가유공자(애국지사, 고엽제후유의증환자, 5.18 민주유공자, 특수임무유공자, 보훈보상대상자 포함) 본인 및 전몰순직사망행방불명자의 배우자를 지원합니다.
특수교육 대상자로서 특수교육을 받는 교육지원대상자에게 지원합니다.","
                                   
                                   
                                   
                                   
선정기준은 지원대상의 내용을 참고해주시기 바랍니다.
                                   
                                   
","교육지원대상자의 과정별 최대 학습보조비 지급기간은 다음과 같습니다.

중학교(과정): 6학기(이내)
고등학교(과정): 6학기(이내)
2년제 대학(과정): 4학기(이내)
3년제 대학(과정): 6학기(이내)
4년제 대학(과정): 8학기(이내)
5년제 대학(과정): 10학기(이내)
6년제 대학(과정): 12학기(이내)


학용품 등을 구입할 수 있도록 다음의 금액을 지급합니다.

중학생: 12만4,000원
인문계 고등학생: 14만4,000원
전문계 고등학생: 18만6,000원
대학생: 23만6,000원
특수학교 유초등부: 53만4,000원
특수학교 중고등부: 71만8,000원","거주지 읍/면/동 주민센터, 에서 ‘서비스 신청’",국가보훈처,,국가보훈처,http://www.mpva.go.kr/,9,보훈대상자,5,6
WLF00003218,의료급여(의료급여건강생활유지비),보건복지부 기초의료보장과,"1종 수급권자 전체(본인부담 면제자, 급여제한자의 경우에는 제외)에게 본인부담금을 지원합니다.
비급여항목은 지원대상이 아닙니다.","


1종 의료급여 수급자 자격 기준은 아래와 같습니다.

다음 항목의 어느 하나에 해당하는 자 또는 근로 능력이 없거나, 보건복지부 장관이 근로가 곤란하다고 인정한 자로 구성된 세대의 구성원을 선정합니다.

- 18세 미만인 자
- 65세 이상인 자
- 장애인고용촉진 및 직업재활법에 중증 장애인
- 국민기초생활보장법시행령에 해당하는 자
- 임신 중에 있거나 분만 후 6개월 미만의 여자
- 병역 의무를 이행 중인 자


보장시설에서 급여를 받고 있는 자(국민기초생활보장시설 수급자)
보건복지부 장관이 인정한 자(국민기초생활보장 특례수급자)
보건복지부 장관이 정하여 고시하는 희귀난치성 질환 및 중증 질환(암환자, 중증화상 환자) 등록자

- 법 제3조 1항 2호부터 9호까지의 규정에 해당하는 자
- 법 제2조 1호에 해당하는 수급권자
- 보건복지부 장관이 1종 의료급여가 필요하다고 인정하는 자








","1종 수급권자(본인 부담 면제자, 급여 제한자 제외) 1인당 매월 6천원을 지급합니다.","거주지 읍/면/동 주민센터, 시군구에서 ‘서비스 신청’",보건복지부 국민기초생활보장제도,,보건복지부 국민기초생활보장제도,http://team.mw.go.kr/blss,9,저소득,5,6
WLF00003227,초.중.고 학생 교육비지원,교육부 교육복지정책과,"지원대상 
 
 저소득층 수급 자격자(기초, 한부모, 법정 차상위)인 학생 
 가구의 소득인정액이 시도교육청별 지원 기준에 해당하는 학생 
※ 시도교육청 기준에 따라 지원항목, 대상, 학년의 범위가 다르며, 상세 기준은 교육비원클릭신청시스템(oneclick.moe.go.kr) 시도교육청별 지원기준 참고","○학생 또는 학생이 속하는 가구원 중 1인 이상이 아래 자격을 보유한 경우
  -국민기초생활수급자(생계, 의료, 주거, 교육급여)
  -한부모가족보호대상자
  -법정차상위대상자(본인 부담경감, 장애수당, 장애연금, 차상위계층확인서발급)
○소득인정액이 시도교육감이 정하는 기준
  -소득인정액 = 소득평가액 + 재산의 월 소득환산액

중복지원제한
○고교학비
  -교육급여, 한부모 등 법령에 의해 별도 지원을 받는 경우 해당부분은 제외하고 지원
○교육정보화 지원(컴퓨터)
  -가구원중 기존에 받은 경우 지원 제외(시도교육청별로 기지원 연도 등에 따라 지원 여부가 다를 수 있음)","어떤 혜택을 받을 수 있나요? 
 
 
 
 
○ 고교학비: 입학금, 수업료, 학교운영지원비 전액 
○ 급식비: 학기 중 중식비 
○ 방과후학교 자유수강권: 1인당 연간 60만원 내외 지원(교재비 포함) 
○ 교육정보화 지원: 가구당 컴퓨터 1대, 가구당 인터넷 통신비 월 17,600원, 유해차단 서비스 월 1,650 이내 
  ※ 지원액 등은 시도교육청별 상이할 수 있습니다.","거주지 읍/면/동 주민센터, 교육청 또는 복지로 웹사이트(PC/모바일앱)에서 ‘서비스 신청’",인천 교육청,"032-420-8296(고교학비), -8296(방과후), -8298(교육정보화), -8295(급식비",인천시교육청,,9,"한부모·조손, 저소득",5,6
WLF00003228,의료급여 선택의료급여기관제,보건복지부 기초의료보장과,생활이 어려운 저소득계층 중 같은 병으로 여러 병의원을 이용하였거나 중복투약으로 인하여 연간 급여일수 상한을 초과하여 의료급여를 받고자 하는 경우와 자발적으로 참여하는 경우에 지원합니다.,"


연간 의료급여 일수 초과 이전에 의료급여 일수 연장승인을 요청하였거나, 병의원을 선택하는 신청서를 시군구청이나 읍면동에 제출한 수급자 중에서 의료급여심의위원회에서 급여 일수 연장을 승인하는 것이 타당하다고 판단한 경우에 지원합니다.




","수급권자가 지정한 선택의료급여기관을 이용할 경우, 의료급여 비용 전액에 대한 본인부담금을 면제합니다(1종).","거주지 읍/면/동 주민센터, 시군구에서 ‘서비스 신청’",보건복지부 콜센터,129,보건복지부 콜센터,http://www.129.go.kr,9,저소득,5,6
WLF00003232,농업인안전보험,농림축산식품부 재해보험정책과,"만 15~87세이며 영농 활동에 종사하는 농업인에게 지원합니다.
※ 단, 일부 상품은 만 84세까지 지원

위 농업인을 피보험자로 하는 보험계약자로, 일반1형 만 15~87세, 일반2  3  산재형은 만15~84세에 해당하는 경우 지원합니다.
※ 농작업근로자안전보험 : 만15~87세의 농업근로자(90일 미만)를 고용한 경영주인 농업인","


선정기준은 다음과 같습니다.

「농어업경영체 육성 및 지원에 관한 법률」에 따라 농업경영체에 등록된 자를 피보험자*로 하여 보험계약을 체결하는 자를 선정합니다.
* 경영주인 농업인 및 경영주외 농업인(무급가족종사자, 피고용인-외국인근로자 포함)을 말함. 단,「산업재해보상보험법」에 따른 산업재해보상보험의 적용을 받거나, 최근 2년 이내에 보험 관련 보험사기행위로 형사처벌을 받은 사람은 제외
농작업근로자안전보험은 농업경영체에 등록된 농업경영주*가 자신의 농업활동에 종사하는 90일 미만의 근로자(만 1587세)를 피보험자로 보험계약을 체결하는 경우 국고지원합니다.
* 단,「산업재해보상보험법」에 따른 산업재해보상보험의 적용을 받는 농업경영주(상시근로자 5인이상 사업장을 운영하는 경영주)는 제외






","본인부담 보험료의 일부를 지원(일반농가 50%, 영세농가70%)하고, 농작업 중 안전사고로 인한 신체 등 손해 시 보험금을 지급합니다.","거주지 읍/면/동 주민센터, 에서 ‘서비스 신청’",NH농협생명,1544-4000,NH농협생명,http://www.nhlife.co.kr,9,저소득,5,6
WLF00003237,미숙아 및 선천성이상아 의료비 지원,보건복지부 출산정책과,"미숙아는 다음의 경우에 지원합니다.

긴급한 수술 또는 치료가 필요하여 출생 후 24시간 이내에 신생아중환자실(NICU)에 입원한
 경우※ 신생아중환자실 부족에 따른 대기 또는 이송의 사유로 출생 후 24시간 이내에 신생아중환자실에 입원 하지 못한 경우, 의료기관의 확인을 받아 지원 가능





선천성이상아는 다음의 경우에 지원합니다.

(2020.9.1 이후 출생아) 출생후 1년 이내에 선천성 이상(Q코드)으로 진단받고, 선천성이상 질환을 치료하기 위하여 출생 후 1년 이내에 입원하여 수술
2020.8.31 이전 출생아) 출생 후 28일 이내에 선천성이상(Q코드)으로 진단받고, 선천성이상 질환을 치료하기 위하여 출생 후 6개월 이내에 입원하여 수술
※ 반드시 입원하여 치료를 위한 수술을 시행하고 그에 따른 치료비용에 한하여 지원","


선정기준은 다음과 같습니다.

기준 중위소득 180% 이하 가구의 미숙아 및 선천성 이상아 출산 가정
둘째아 이상 출생아가 미숙아 및 선천성 이상아인 경우(첫째로 출생한 쌍둥이는 다자녀로 인정하며, 소득수준에 관계없이 지원)
위의 기준을 원칙으로 하지만, 시도지사 또는 시장/군수/구청장(보건소장)이 추가지원이 필요하다고 인정한 경우에도 예산의 범위 내에서 지원


소득판별 기준은 다음과 같습니다.

기초생활수급자(생계, 의료, 주거, 교육) 및 차상위계층(계층확인, 자활, 장애인, 본인부담경감대상)
부모 중 한면이 기초생활보장수급자 또는 차상위계층 자격 보유 시 해당 가구로 인정
건강보험료 납부금액을 기준으로 가족원수별 기준중위소득 180% 이하인 가구






","미숙아와 선천성이상아의 수술 및 치료비를 지원합니다.

미숙아: 체중별 최고 1,000만원까지 지원
선천성이상아: 최고 500만원까지 지원","거주지 읍/면/동 주민센터, 에서 ‘서비스 신청’",보건복지부 콜센터,129,보건복지부 콜센터,http://www.129.go.kr,9,저소득,5,영유아
WLF00003238,의료급여수급권자 일반건강검진비 지원,보건복지부 건강증진과,"일반건강검진은 의료급여수급권자 중 만 19~64세 세대주 및세대원을 지원합니다.
의료급여생애전환기검진은 의료급여수급권자 중 만 66세이상 세대주 및 세대원을 지원합니다.","
                                   
                                   
                                   
                                   
선정기준은 지원대상의 내용을 참고해주시기 바랍니다.
                                   
                                   
","일반건강검진은 고혈압, 당뇨 등 심뇌혈관질환을 조기 발견하여 치료 및 관리로 연계하기 위해 건강검진 서비스를 제공합니다.
의료급여생애전환기건강검진은 성별연령별 특성에 적합한 맞춤형 건강진단 서비스를 제공합니다.

골밀도 검사 : 만 66세 여성
인지기능장애 : 만 66세 이상 2년 마다
정신건강검사(우울증) : 만 70세~79세 중 1회
생활습관평가 : 만 70세
노인신체기능검사 : 만 66, 70, 80세","거주지 읍/면/동 주민센터, 에서 ‘서비스 신청’",국민건강보험공단,1577-1000,국민건강보험공단,www.nhis.or.kr,9,저소득,5,6
WLF00003240,평생교육바우처,교육부 평생학습정책과,"기초생활수급자 및 차상위 계층, 기준중위소득 65%이하의 성인에게 지원합니다.","


기초생활수급자(생계의료주거교육급여)와 한부모가족보호대상자, 차상위 계층(차상위장애연금, 차상위장애수당, 차상위자활, 차상위본인부담경감 대상자 등)의 성인을 선정합니다.




","1인당 연간 35만 원 이내에서 평생교육바우처를 지원합니다.

학점취득 교육(학점은행제 등)
지자체 평생학습관, 대학 부설 평생교육원
평생 바우처 사용기관으로 등록된 시설
평생교육 바우처는 평생교육강좌 수강료 및 수강에 필요한 교재비 및 재료비에 사용 가능합니다.


바우처를 신청할 수 있는 평생교육기관 및 수강 가능한 평생교육 프로그램은 평생교육 바우처 홈페이지를통해 확인 가능합니다.","거주지 읍/면/동 주민센터, 국가평생교육진흥원에서 ‘서비스 신청’",평생교육 바우처 콜센터,1600-3005,평생교육 바우처 콜센터,,9,저소득,5,"청년, 노년, 중장년"
WLF00003247,재난적의료비 지원 사업,보건복지부,"과도한 의료비로 인한 경제적 부담을 겪는 가구에 의료비를 지원합니다.

의료기관 등에서 입원 진료를 받는 경우(모든 질환 적용)와 6대 중증질환(암, 뇌혈관질환, 심장질환, 희귀질환, 중증난치질환, 중증화상질환)으로 의료기관 등에서 외래 진료를 받은 경우","


기초생활 수급자차상위계층, 기준중위소득 100% 이하인 경우에 지원합니다.

재산 5억4천만원 이하
개별심사를 통해 최대 기준중위소득 200%까지 선정 가능


1회 입원에 따른 가구의 연소득 대비 의료비 부담액이 15% 초과한 경우 지원합니다.

개별심사의 경우 연소득의 20% 초과시 지원
수급자, 차상위는 80만원, 중위소득 50% 이하는 160만원 초과시 지원






","연간 2천만원 범위내에서(개별심사를 통해 최대 3천만원 가능), 비급여 중심 의료비의 50%를 지원합니다.","거주지 읍/면/동 주민센터, 에서 ‘서비스 신청’",국민건강보험공단,1577-1000,국민건강보험공단,www.nhis.or.kr,9,"저소득, 장애인",5,6
WLF00003255,급식비,교육부 학생건강정책과,"저소득층 수급 자격자(기초, 한부모, 법정 차상위)인 학생을 지원합니다.
가구의 소득인정액이 시도교육청별 지원기준에 해당하는 학생을 지원합니다.
각 학교별 학교장 추천이 결정된 학생을 지원합니다..
법무부장관이 추천한 난민인정자 또는 그 자녀를 지원합니다.
외부기관, 사회단체 및 독지가 등으로부터 중식비를 지원받고 있는 학생(중복지원 배제)은 제외합니다.","


저소득층 수급 자격기준은 다음과 같습니다.

학생 또는 학생이 속한 가구원 중 1인 이상이 다음 자격을 보유한 경우가 해당합니다.
국민기초생활수급자(생계, 의료, 주거, 교육급여, 한부모가족보호대상자, 법정 차상위 대상자
* 차상위 자활, 차상위 본인부담 경감, 차상위 장애수당, 차상위 장애연금, 차상위계층 확인서 발급 대상자


소득인정액 기준은 시도교육감이 정하는 기준에 해당하는 가구를 선정합니다.

소득인정액 = 소득평가액+재산의 월 소득환산액






",학교 급식비를 교육청에서 학교로 지원하여 대상자에게 무료로 급식을 제공합니다.,"거주지 읍/면/동 주민센터,  또는 복지로 웹사이트(PC/모바일앱)에서 ‘서비스 신청’",서울시교육청콜센터,02-1396,서울시교육청콜센터,,9,"장애인, 저소득, 한부모·조손",5,6
WLF00003258,아동발달지원계좌(디딤씨앗통장)지원,보건복지부 아동권리과,"만 18세 미만의 아동복지시설(아동양육시설, 공동생활가정)보호아동, 가정위탁 보호아동, 장애인시설 생활 아동, 소년소녀가정 아동에게 지원합니다.


지원 제외 대상

정부나 지자체에서 지원하는 유사한 형태의 자산형성지원사업과 중복 지원하지 않습니다.
희망플러스통장(서울시), 꿈나래통장(서울시) 등과 중복 지원하지 않습니다.
서울시는 꿈나래통장사업을 진행하고 있으므로 중복 지원 가능성을 고려하여 기초수급가정은 사업 지역에서 제외합니다.
다만, 지원 대상 및 사업 취지를 고려하여 희망키움통장과는 중복 지원이 가능합니다(2013년 1월 1일부터).","


중위소득 40% 이하의 수급 가구(생계, 의료 급여)의 만 12세부터 만17세까지 아동 중 신규 선정하여 만 18세 미만까지 지원합니다.

2004년생~2009년생의 생계 또는 의료 급여 수급자 가정 아동 중 신규 선정


가정 회복으로 중도에 가정으로 복귀하는 아동도 계속 지원합니다.
기초생활수급가구 아동 또한, 해당 가정이 중위소득 40%를 초과해도 계속 지원합니다.




","기본 매칭 적립의 경우, 대상 아동이 월 5만원 내에서 적립하면 국가(지자체)가 월 5만원 내에서 1:1 매칭 지원합니다.
5만원 적립 후 월 45만원(연간 540만원) 내에서 추가 적립 가능하며, 추가 적립액에 대한 국가 매칭은 없습니다.","거주지 읍/면/동 주민센터,  또는 복지로 웹사이트(PC/모바일앱)에서 ‘서비스 신청’",디딤씨앗통장(아동발달지원계좌),,디딤씨앗통장(아동발달지원계좌),http://www.adongcda.or.kr,9,저소득,5,6
WLF00003265,장애수당,보건복지부 장애인자립기반과,생계의료주거교육급여 수급자 및 차상위계층 중 만 18세 이상의 장애인연금법상 중증장애인에 해당 하지 않는 장애인을 지원합니다.,"


소득인정액이 기준 중위소득 50% 이하일 경우 지원합니다.

4인 가구 기준 2,438,145원 이하


연령 기준은 다음과 같습니다.

신청하는 달을 기준으로 만 18세 이상인 경우
특수학교 등 학교에 재학(휴학 포함) 중인 18~20세는 제외
신청일이 속하는 월의 말일까지 만 18세가 되는 경우는 포함


기타 기준은 다음과 같습니다.

신청일 현재 등록 장애인(등록한 장애 외국인은 제외)
장애정도가 중증장애인에 해당하지 않은 경우(종전 3~6급)
* 17.8.9일 이후 장애수당을 신청하는 모든 경증장애인(종전3~6급)은 장애 정도 심사를 받아야합니다.
단, 신청일이 속한 월 당시 만 65세 이상이거나 07.4.1일 이후 국민연금공단에서 장애 정도 심사를 받아 현재의 장애 정도를 받은 경우 재심사를 면제합니다.


가구의 범위는 국민기초생활보장제도의 가구 범위와 동일하게 적용하며, 가구 해체 방지를 위하여 별도의 가구 특례를 적용합니다.
부양의무자의 기준은 적용하지 않습니다.




","다음의 대상에 경증장애수당을 지원합니다.

생계의료주거교육급여 수급자 및 차상위: 매월 4만원
보장시설 수급자(생계, 의료): 매월 2만원","거주지 읍/면/동 주민센터, 에서 ‘서비스 신청’",보건복지부 콜센터,129,보건복지부 콜센터,http://www.129.go.kr,9,저소득,5,6
WLF00003267,장제급여,보건복지부 기초생활보장과,"생계, 의료, 주거급여 수급자가 사망한 경우와 의사자로 사망한 경우에 지원합니다.
의사자에 대한 장제급여 신청기간은 의사자 인정일로부터 3년 이내로 제한합니다.","



생계, 의료, 주거급여 수급자가 사망한 경우에 지원합니다.
「의사상자 등 예우 및 지원에 관한 법률」 제14조(장제보호)에 따른 의사자 ※의사자에 대한 장제급여 신청기간은 의사자 인정일로부터 3년 이내로 제한합니다.

","기초생활보장 수급자가 사망한 경우 사체의 검안, 운반, 화장 또는 매장 기타 장제조치를 행하는 데 필요한 금품으로 1구당 80만원 지급합니다.","거주지 읍/면/동 주민센터, 읍면동 또는 복지로 웹사이트(PC/모바일앱)에서 ‘서비스 신청’",보건복지상담센터,129,보건복지부,http://www.mohw.go.kr,9,저소득,5,6
WLF00003273,의료급여(본인부담 보상금),보건복지부 기초의료보장과,"의료급여 수급권자 중에서 급여대상 본인부담금이 일정한 금액을 초과한 수급권자에게 지원합니다.
비급여항목은 지원대상이 아닙니다.","


1종은 매 30일간 의료급여 본인부담금이 20,000원을 초과했을 때 초과금액의 50%를 보상합니다.
2종은 매 30일간 의료급여 본인부담금이 200,000원을 초과했을 때 초과금액의 50%를 보상합니다.




","본인부담금이 매 30일간 일정 금액(1종 : 2만원, 2종 : 20만원)을 초과한 경우에 초과 금액의 50%를 보상합니다.
수급권자의 급여대상 본인부담금이 대통령령에서 정하는 금액을 초과한 경우, 그 초과금액의 100분의 50에 해당하는 금액을 보상합니다.
다만, 노인틀니, 치과임플란트, 선별급여, 상급종합병원종합병원병원한방병원 이상 의료기관 상급병실료(23인실) 및 연장승인 미신청 등으로 인한 건보부담적용금액 등은 본인부담금 보상 대상에서 제외합니다.
지급금액이 2,000원 미만일 경우에는 지급하지 않습니다.","거주지 읍/면/동 주민센터, 시군구에서 ‘서비스 신청’",보건복지부 국민기초생활보장제도,,보건복지부 국민기초생활보장제도,http://team.mw.go.kr/blss,9,저소득,5,6
WLF00003274,국가유공자보철구지급,국가보훈처 보훈의료과,"상이를 입은 국가유공자를 지원합니다.

전상군경, 공상군경, 4.19혁명 부상자, 공상 공무원, 국가사회 발전 특별공로 상이자, 6.18자유상이자, 국가유공자에 준하는 군경, 전투종사 군무원 등


애국지사, 5.18민주화운동 부상자, 고엽제 후유의증 환자, 재해부상군경 및 재해부상공무원, 국가유공자에 해당되지 않지만 해당 부상으로 인하여 수술한 자를 지원합니다.","
                                   
                                   
                                   
                                   
선정기준은 지원대상의 내용을 참고해주시기 바랍니다.
                                   
                                   
","보철구 승인 수가를 적용해 해당 부상 부분에 대한 보철구를 지원합니다.

보철구 지급 우선순위에 따라 취형 대상자를 결정하여 취형 대상자 또는 장착 대상자에게 1개월 전까지 개별적으로 통지합니다.
보철구 신청자의 편의를 위하여 가능한 한 보철구를 방문 또는 탁송하여 지급합니다.","거주지 읍/면/동 주민센터, 에서 ‘서비스 신청’",국가보훈처,,국가보훈처,http://www.mpva.go.kr/,9,보훈대상자,5,6
WLF00003279,언어발달지원사업,보건복지부 장애인서비스과,"부모 또는 조손 가정의 조부모 중, 어느 한 쪽 (조)부모가 시각, 청각 ,언어, 지적, 자폐성, 뇌병변 등록 장애인일 경우, 만 12세 미만의 비장애 자녀에게 지원합니다.","


기준중위소득의 120% 이하인 가구를 선정합니다(소득별 차등지원).




","언어듣기능력 재활 등 언어재활서비스, 독서지도, 수어지도의 서비스를 제공합니다.
* 논술지도, 학습지도 등 교과목 수업이나 학습지를 사용한 지도는 불가함
바우처 지원액은 아래와 같이 소득별로 차등 지원합니다.

기초생활수급자: 월 22만원 지원(본인부담금 면제)
차상위계층: 월20만원(본인부담금 2만원)
기준중위소득65% 이하: 월18만원(본인부담금 4만원)
기준중위소득120% 이하: 월16만원(본인부담금 6만원)","거주지 읍/면/동 주민센터, 에서 ‘서비스 신청’",사회서비스바우처,,사회서비스바우처,http://www.socialservice.or.kr,9,장애인,5,6
WLF00003281,국가보훈대상자 취업능력개발지원,국가보훈처 생활안정과,"신청대상 
 
 당해 채용(자격)시험 응시요건을 갖춘 취업지원 대상자 
 (고교졸업예정자) 최종학년 하계방학 기간부터 수강한 경우 지원가능 
* (지원과정) 인적성, 면접 및 NCS, 공무원 및 공기업 채용시험 과정 
 (만60세 이상 64세이하) 공공기관 채용시험, 어학, 정보화 자격 취득과정은 제외(단 워드프로세서 및 컴퓨터활용능력 12급은 가능) 
 
 
지원 제외대상 
 
 제대군인 
 제대군인과 경합자로서 직업교육훈련 바우처 지원대상자 
* 단, 본인이 제대군인과 국가유공자 자격 중복인 경우에는 지원대상 
 법정취업자, 보훈특별고용통지서가 발급된 자, 가점 또는 일반직공무원등 특별채용 합격자로 결정된 자 
* 법정취업 이전에 수강한 과목 또는 수강 중에 법정 취업한 경우는 수강 종료 후 1년 이내 수강료 지원 신청을 할 수 있음 
 만 65세 이상자(비용지원 신청일 기준) 
* 경비신임교육(일반,특수)과정, 공인중개사과정은 연령제한 없음 
 18세 미만자로서 초ㆍ중ㆍ고등학교(2학년 이하) 재학생 
 
 
지급제한 
 
 (부정수급) 수강 명의 대여, 수강료 부정수취 등 위법사항 발견 시 기지급된 수강료의 전액환수 및 향후 취업수강료 지원대상에서 제외 
 (중복수혜) 우리처 및 고용노동부 등 타부처(지자체 포함)로부터 같은 수강기간 동안 동일과정 또는 타과정을 수강하고 비용을 지급받은 경우 지급제외 
* 기타 자세한 내용은 국가보훈처 취업정보시스템(https://job.mpva.go.kr) 또는 관할 보훈(지)청에 문의 바랍니다.","수강료 신청 및 지급
○ 신청기간은 수강등록일부터 수강종료 후 12개월까지이며 수강료 미납자는 신청이 불가합니다.
  * 수강사실(수강등록증 등), 수강료 납부사실(영수증 등) 확인이 가능한 경우 신청 가능함
○ 지급시기는해당과정(과목)의 '수강진도율 70퍼센트 이상' 이수한 때 지급합니다.
○ 지급율은본인의 실부담(교재비 미포함) 수강료의 70퍼센트를 지원합니다.
  * 경비신임교육(일반,특수)과정은 수강료의 100퍼센트 지원
","어떤 혜택을 받을 수 있나요? 
 
 
 
 
지원대상 과정(과목) 
 
○ 6급 이하 공무원*(공직적격성평가 포함), 교사임용, 공기업 채용시험 
  *국가공무원법 제2조 및 지방공무원법 제2조에 따른 공무원 중 국가유공자법 시행령 제48조(채용시험의 가점대상 계급 등)가 적용되는 계급 및 직급에 해당하는 공무원 채용시험 
 - 6급이하 공무원 또는 공기업 시험과목이라도 5급(상당) 공무원 시험을 위한 과정(목)을 수강하거나, 5급(상당)이상 경력을 자격요건으로 특정한 과정일 경우에는 지원불가 
 - 5급(상당) 공무원 시험과정(목) 중 6급이하 공무원 또는 공기업 시험을 위한 과정(목)을 수강한 경우에는 지원가능 
○정보화자격증 취득시험(구 공무원임용시험령 제31조제1항* 관련 별표 10에 의한 자격증) 및 계리직 특별채용** 관련 자격증 취득시험 
   * 통신,정보처리분야 : 정보관리기술사, 컴퓨터시스템응용기술사, 정보처리기사, 전자계산기조직응용기사, 사무자동화산업기사, 정보처리산업기사, 전자계산기제어산업기사, 정보기기운용기능사, 정보처리기능사 / 사무관리분야 : 컴퓨터활용능력 1,2급, 워드프로세서 
   ** 자산관리사, 전자계산기기능사, 전산회계운용사 
○ 어학과정(회화 과정은 미지원) 
 - 한국어 : 한국어능력검정시험 
 - 영 어 : TOEFL, TOEIC, TEPS, G-TELP, OPIC 
 - 중국어 : BCT, HSK, CPT, TSC 
 - 일본어 : JLPT, JPT, SJPT  
 - FLEX(영어, 중국어, 일본어, 프랑스어, 러시아어, 스페인어, 독일어) 
 - 기타 취업에 필요한 공인 외국어 시험 
○ 간호조무사, 한국사능력검정시험, 인‧적성 및 면접시험, NCS(국가직무능력표준), 경비신임교육(일반,특수), 공인중개사(상이자와 유가족인 배우자 한정) 
    (상이자범위) 1~7급 판정자, 5ㆍ18민주화운동부상자, 장애등급 판정 고엽제후유의증환자, (유가족인 배우자 범위) 상이자, 전몰, 순직, 지원순직, 재해사망, 4.19사망자, 5.18사망자행불자, 특수임수사망자행불자의 배우자 
○1종 대형 운전면허 취득과정(운전직종 취업을 희망하는 유공자 본인 한정) 
○국가기술자격 등 취득과정(상이자와 유가족인 배우자3) 한정) 
 - (기술자격) 전자기기, 공조냉동기계, 에너지관리, 건설안전, 산업안전, 전기, 가스, 품질경영, 텔레마케팅, 조리, 이미용, 지게차굴삭기운전, 화훼장식 
 - (전문자격) 행정사, 주택관리사, 감정평가사, 요양보호사, 공인노무사, 유통관리사, 품질관리사, 공인재무분석사, 경비지도사(일반,기계) 
 - (기타자격) 무인초경량비행장치 조종사 
   *(대상) 무인비행기, 무인멀티콥터(드론), 무인헬리콥터, 무인비행선 
 
지원기준 및 지원한도액 
 
 당해연도 편성예산 범위 내에서 지원가능하며 연중에 마감될 수 있음 
○ (지원기간) 제한 없음 
○ 1인당 지원한도액(연간 지원한도액) 
 - 유공자 본인: 총 300만원(연간 100만원), 유‧가족: 총 150만원(연간 50만원) 
 - 단, 취업지원대상자 본인이 제대군인과 국가유공자 자격 중복으로 직업능력개발교육비(舊, 직업교육훈련 바우처, 중장기복무자) 지원을 받은 경우: 총 150만원*(연간 100만원) 
  *취업수강료 본인 지원한도액과 제대군인 직업능력개발교육비의 차액 
  ※ (적용대상) 비용지원 신청일 기준 지원연령만64세이하에 해당하고 지침적용일(21.5.1) 이후에 지원과정을 수강한 경우 
  ※ 국가유공자 지정 이후 직업능력개발교육비 지원이 종료된 경우 수강료 지원가능","거주지 읍/면/동 주민센터, 에서 ‘서비스 신청’",국가보훈처 상담센터,1577-0606,국가보훈처 상담센터,www.mpva.go.kr,9,보훈대상자,5,6
WLF00003283,아동통합서비스지원(드림스타트사업),보건복지부 아동권리과,"지원대상 


0세(임산부)이상 만 12세(초등학생 이하) 취약계층 아동 및 가족이 대상입니다.

만 13세 이상의 초등학교 재학 아동 포함
수급자 및 차상위계층 가정, 보호대상한부모가정(조손가정 포함), 학대 및 성폭력피해아동 등에 대한 우선지원 원칙","


사업지역에 거주하는 해당 연령 아동과 그 가족, 임산부(0세)를 대상으로 아동 양육환경 및 발달 상태에 대한 사정을 통해 개입이 필요한 아동을 서비스 대상 아동으로 선정합니다.

만 13세 이상 아동 중 초등학교 재학 아동 포함, 수급자 및 차상위 계층 가정, 보호대상 한부모 가정(조손가정 포함), 학대 및 성폭행 피해 아동 등에 대한 우선지원 원칙
※ 아동에 대해 정기적인 사정을 실시하여 대상자 재선정






","가정 방문을 통해 서비스 대상 아동을 발굴하여 통합적으로 사례를 관리하는 기본 서비스를 지원합니다.
아동발달 영역별(신체/건강, 인지/언어, 정서/행동, 부모의 양육) 목표를 달성하기 위해 모든 드림스타트 사례관리 대상자에게 아래와 같은 필수 서비스를 제공합니다.

아동: 건강검진(성장발달 스크리닝 포함), 예방접종, 영양 교육, 응급처치 교육, 아동권리 교육, 인터넷 중독 예방 교육, 소방 및 안전 교육, 학대 및 (성)폭력 예방 교육(총 8종)
임산부: 산전 및 산후 검진, 예비부모 교육(총 2종)
부모: 자녀발달 및 양육 교육(총 1종)


사정 결과에 따라 대상자별로 지원하는 맞춤형 서비스를 지원합니다.
물품 지원 및 후원자 연계 등의 기타 서비스를 지원합니다.","거주지 읍/면/동 주민센터, 에서 ‘서비스 신청’",보건복지부,129,보건복지부,http://www.mohw.go.kr,9,저소득,5,"아동, 청소년, 영유아"
WLF00004651,직업능력개발운영(훈련수당),고용노동부,15세 이상 장애인 중 직업능력개발훈련을 희망하거나 필요로 하는 자를 지원합니다.,"


한국장애인고용공단 직업능력개발원의 훈련생으로 정규훈련또는 1개월 이상이고 계획된 훈련시간인 120시간 이상인 맞춤훈련과정훈련생을 지원합니다.

정규훈련: 장애인에게 해당 산업의 주요 직무에 필요한 교과 과정을 편성하여 실시하는 직업능력개발훈련
맞춤훈련 과정 : 기업의 실제 훈련수요에 맞게 학생을 모집하고, 공단 직업능력훈련기관과 사업주 또는 사업주단체가 훈련직종, 훈련수준, 훈련방법 등에 관한 사항에 대하여 약정을 체결하여 훈련을 실시하고, 약정업체가 수료생을 우선 채용하는 훈련


한국장애인고용공단에서 지원하는 공공(폴리텍)민간훈련기관의 훈련생을 지원합니다.

실업급여 수급자 및 다른 법령에 의하여 훈련수당, 훈련장려금을 지원받고있는자는 지원하지 않습니다.






","공단 직업능력개발훈련기관 훈련생 및 민간훈련기관 훈련생에게 다음과 같이 훈련수당을 지급합니다.

훈련참여수당: 월 20만원(또는 취업성공패키지 연계 대상의 경우, 월 28만4,000원)
교통비: 월 5만원(기숙사에서 생활하지 않는 훈련생)
식비: 월 6만6,000원(통학생 중 식이조절 등으로 개별 도시락을 지참하는 훈련생, 민간훈련기관의 경우 1일 5시간 이상, 월평균 100시간 이상인 훈련생)


실업급여 수급자, 타 법령에 의해 훈련수당을 지원받고 있는 훈련생, 월 출석률이 80% 미만인 훈련생에게는 훈련수당을 지급하지 않습니다.","거주지 읍/면/동 주민센터, 한국장애인고용공단에서 ‘서비스 신청’",한국장애인고용공단,1588-1519,한국장애인고용공단,http://www.kead.or.kr,9,장애인,5,"청소년, 청년, 노년, 중장년"
WLF00004654,장애인인턴제,고용노동부 장애인고용과,"중증장애인과 장년장애인을 대상으로 합니다. 
 
중증장애: 뇌병변, 정신, 심장, 신장, 언어, 호흡기, 뇌전증, 자폐성, 시각, 척수손상 또는 근육병증으로 운동기능 장애가 있는 지체장애 
장년장애인: 만 50세 이상 장년층 장애인"," 
 
 
 
지원대상을 참고해주시기 바랍니다. 
 
",장애인 인턴제를 참여하는 사업체에 지급합니다.,1588-1519,한국장애인고용공단,1588-1519,한국장애인고용공단,http://www.kead.or.kr,9,장애인,5,6
WLF00004655,장애인취업성공패키지,고용노동부 장애인고용과,"각 유형별로 아래와 같은 대상자에게 지원합니다. 

Ⅰ유형 참여자: 취업을 희망하는 만 18세 이상69세 이하 장애인  * 69세를 초과하더라도 상담 및 평가를 통해 취업의욕 및 역량이 높을 경우에는 참여여부 판단
Ⅱ유형 참여자: 만 18세 이상69세 이하 중위소득 50%이하의 저소득층 장애인
 * 중위소득 50%이하의 저소득층 여부는 기초생활수급자(생계, 주거, 의료, 교육) 혹은 차상위 계층여부 등으로 확인할 수 있음","



Ⅰ유형과 Ⅱ유형의 참여대상자에 대한 공통 기준은 다음과 같습니다. 

「장애인복지법 시행령 」제2조에 따른 장애인 기준에 해당하는 자
「국가유공자 등 예우 및 지원에 관한 법률 시행령 」 제14조 제3항에 따른 상이등급 기준에 해당하는 자
장애인과 중증장애인의 기준은 장애인고용촉진 및 직업재활법 시행령 제 3조와 제4조에 따름 ※ 참여일 기준으로 장애등록사항과 국가유공자 상이등급 유지여부를 반드시 확인

Ⅱ유형의 경우, 저소득층 여부를 확인합니다.

","국민취업지원제도* 도입 및 저소득층 장애인의 증가에 대응하기 위해 저소득층 대상 유형을 확대하여 취약계층의 취업성과를 도모합니다.
* 기존의 고용안전망 혜택을 보지 못하는 저소득층, 영세 자영업자 등을 대상으로 하는 취업지원서비스와 생계지원을 위한 지원제도로 2021.1월 시행

장애인 취업성공패키지 참여 및 단계유형에 따라 참여수당을 지급합니다.* 상세내용은 리플렛과 참여자 수첩 참고",1588-1519,한국장애인고용공단,1588-1519,한국장애인고용공단,http://www.kead.or.kr,9,장애인,5,6
WLF00000024,아이돌봄 서비스,여성가족부 가족문화과,"정부 지원 대상은 아동의 연령이 만 12세 이하, 부모의 취업 등으로 양육공백이 발생, 가구 기준중위소득 150% 이하 인 가정을 대상으로 합니다.
가구 소득에 따라 서비스 유형별 정부 지원의 범위가 달라지며 소득 기준을 초과하는 경우에도 자부담하여 서비스를 이용할 수 있습니다. 
 * 보육료, 유아학비, 가정 양육수당과 중복지원하지 않습니다.","



아동의 연령기준은 서비스 유형에 따라 다릅니다. 

시간제 서비스: 생후 3개월~만 12세 이하의 아동
영아종일제 서비스: 생후 3개월~만 36개월 이하의 영아

양육공백 가정 기준 및 우선순위는 아래와 같습니다.(단, 부모 모두 비취업상태로 가정에서 아동을 양육하는 경우는 아이돌봄서비스 지원대상에서 제외) 

맞벌이 가정, 취업 한부모가정
 장애부모 가정(가정에서 아동을 양육하는 아버지 또는 어머니가 장애인인 경우)
 다자녀가정
  - 만 12세 이하 아동이 3명 이상
  -만 36개월 이하 1명 이상을 포함하여 만 12세 이하아동이 2명 이상  - 장애정도가 심한(중증) 장애아를 포함하여 아동이 2명 이상일 경우 비장애아를 돌봄
 기타 양육부담 가정
  - 아버지 또는 어머니가 입증 가능한 장기입원 등의 질병을 앓고 있는 경우
  - 아버지 또는 어머니가 학교에 재학 중이거나 취업준비 중(입증 가능해야 함)인 경우  - 어머니의 출산으로 출생 아동의 형제ㆍ자매를 돌볼 수 없을 경우

소득기준의 경우 기준 중위소득 150% 이하의 가정을 대상으로 하며 소득수준에 따라 차등 지원합니다. 
 ※ 한부모가정, 장애부모가정, 장애아동가정, 청소년부모 가정은 '가형(기준 중위소득 75%이하)'의 경우 추가 지원함
 

가구 소득은 건강보험료 본인부담금 고지액을 기준으로 산정하며 건강보험 미가입 사업장에 취업한 사람의 소득은 별도로 파악합니다.
가구원의 범위는 세대별 주민등록표에 기재된 자로서 생계와 주거를 같이 하는 아동의 2촌 이내의 가족, 직계존비속 및 배우자를 말합니다.
소득합산 대상자의 범위는 가구원의 범위와 동일합니다.
아버지 또는 어머니가 아동과 주민등록상 거주지가 다르고 생계와 주거를 같이 하지 않는 경우에도 소득은 합산하며 가구원 수에 포함합니다.
부부가 이혼한 경우에는 아동의 기본증명서 상의 친권자이거나 실거주를 함께하는 아버지 또는 어머니의 소득만 산정하고 가구원 수에 포함합니다.


","취업 부모 등의 만 12세 이하 자녀에 대해, 아이돌보미가 대상자의 집으로 찾아가 돌봄서비스를 제공합니다. 

시간제 아이돌봄: 부모가 올 때까지 임시보육, 놀이 활동, 보육시설 및 초등학교 등하원(교) 동행, 준비된 식사와 간식 챙겨주기 등의 서비스 제공 ※ 영아를 대상으로 시간제 돌봄 시, 영아 종일제 아이돌봄 업무 병행
영아 종일제 아이돌봄: 이유식 먹이기, 젖병 소독, 기저귀 갈기, 목욕 등의 서비스 지원


2022년 아이돌봄 서비스의 1시간 당정부지원금은 아래와같습니다.
* A형: '15.1.1. 이후 출생 아동 /B형: '14.12.31. 이전 출생 아동 

일반가정 시간제 아이돌봄
가형(기준 중위소득 75% 이하): A형 8,968원, B형 7,913원 지원
나형(기준 중위소득 120% 이하) : A형 6,330원 지원, B형 2,110원 지원다형(기준 중위소득 150% 이하) : A형 1,583원 지원, B형 1,583원 지원
한부모, 장애부모, 장애아동, 청소년부모 시간제 아이돌봄
가형(기준 중위소득 75% 이하): A형 9,495원, B형 8,440 지원
나형(기준 중위소득 120% 이하) : A형 6,330원 지원, B형 2,110원 지원다형(기준 중위소득 150% 이하) : A형 1,583원 지원, B형 1,583원 지원
일반가정 영아종일제
가형(기준 중위소득 75% 이하): 8,968원 지원
나형(기준 중위소득 120% 이하) : 6,330원 지원다형(기준 중위소득 150% 이하) : 1,583원 지원
한부모, 장애부모, 장애아동, 청소년부모 영아종일제
가형(기준 중위소득 75% 이하): 9,495원 지원
나형(기준 중위소득 120% 이하) : 6,330원 지원다형(기준 중위소득 150% 이하) : 1,583원 지원","거주지 읍/면/동 주민센터, 읍면동 주민센터  또는 복지로 웹사이트(PC/모바일앱)에서 ‘서비스 신청’",아이돌봄 지원사업,1577-2514,아이돌봄 지원사업,https://idolbom.go.kr/,9,12,5,"아동, 청소년, 영유아"
WLF00000028,공동육아나눔터 운영,여성가족부 가족정책과,취학 전후의 아동 및 부모에게 지원합니다.,"
                                   
                                   
                                   
                                   
선정기준은 지원대상의 내용을 참고해주시기 바랍니다.
                                   
                                   
","안전하고 쾌적한 자녀 돌봄 활동 장소를 제공합니다.
공동육아나눔터에서 장난감 및 도서를 이용하거나 대여할 수 있도록 지원합니다.
부모들 간 자녀양육에 대한 경험 및 정보 교류의 기회를 제공합니다.
주민들은 이웃 간 자녀돌봄 품앗이 활동에 참여할 수 있습니다.","거주지 읍/면/동 주민센터, 에서 ‘서비스 신청’",공동육아나눔터,1577-9337,공동육아나눔터,,9,12,5,"영유아, 청소년"
WLF00000030,육아종합지원서비스 제공,보건복지부 보육정책과,중앙(1개소)과 지방육아종합지원센터(18개소)를 지원합니다.,"
                                   
                                   
                                   
                                   
선정기준은 지원대상의 내용을 참고해주시기 바랍니다.
                                   
                                   
","시설보육 및 가정양육 상담, 일시 보육 서비스, 장난감 대여, 도서 대여, 교재 및 교구 대여, 놀이공간 제공 등 One-stop 육아지원 서비스를 위하여 중앙 및 지방 육아종합지원센터의 운영비를 지원합니다.","거주지 읍/면/동 주민센터, 에서 ‘서비스 신청’",,,,,9,12,5,영유아
WLF00000031,노후준비서비스,보건복지부 국민연금정책과,일반 국민 모두가 해당합니다.," 
 
 
 
대상자를 참고해주시기 바랍니다. 
 
","노후준비에 필요한 재무건강여가대인관계 등의 분야에 대한 종합적인 노후준비 진단, 상담, 교육, 관계기관 연계, 사후관리 서비스를 제공합니다, 
노후준비서비스 제공절차는 다음과 같습니다. 
 
진단서비스 ▶ 상담서비스 ▶ 관계기관 연계서비스 ▶ 사후관리서비스","거주지 읍/면/동 주민센터, 에서 ‘서비스 신청’",국민연금공단,1355,국민연금공단,http://www.nps.or.kr,9,12,5,"청년, 청소년, 중장년, 노년"
WLF00000032,실종아동 등 보호 및 지원,보건복지부,"지원대상


가족을 잃어버린 실종아동(실종당시 18세 미만 아동), 실종장애인(지적/자폐성/정신) 본인과 그 가족, 치매환자를 지원합니다. 
실종아동을 신고(국번없이 182, 경찰청) 후 연계하여 지원합니다.","
                                   
                                   
                                   
                                   
선정기준은 지원대상의 내용을 참고해주시기 바랍니다.
                                   
                                   
","어떤 혜택을 받을 수 있나요?




지원내용


실종아동전문기관 1곳을 통해서 실종이나 유괴를 예방할 수 있는 방문교육을 실시합니다.

시설보호아동 등의 신상카드 접수 및 열람을 돕습니다.
기타 실종가족지원 등의 서비스를 제공합니다.","거주지 읍/면/동 주민센터, 에서 ‘서비스 신청’",실종아동전문기관,02-777-0182,실종아동전문기관,www.missingchild.or.kr,9,12,5,청소년
WLF00000033,노인복지민간단체지원,보건복지부 노인지원과,"지원대상


노인복지 및 효행관련 사업을 3년 이상 수행한 경험이 있는 단체이고, 전국적으로 사업수행이 가능한 단체로 선정된 단체를 지원합니다. 




선정기준


노인복지관련 전문가로 사업심사위원회를 구성하여 1, 2차 심사를 거쳐 선정합니다.","



노인복지관련 전문가로 사업심사위원회를 구성하여 1, 2차 심사를 거쳐 선정합니다. 





","어떤 혜택을 받을 수 있나요?




지원내용


노인복지 단체 수행사업에 대하여 국고보조금을 지원합니다.","거주지 읍/면/동 주민센터, 에서 ‘서비스 신청’",보건복지부 콜센터,129,보건복지부 콜센터,http://www.129.go.kr,9,12,5,노년
WLF00000078,청소년특별지원,여성가족부 학교밖청소년지원과,"만 9세 이상부터 만 18세 이하의 청소년을 지원합니다.
※ 「초중등 교육법」제2조에 따른 학교에 재학 중인 만 18세 초과 만 24세 이하의 청소년도 포함

청소년복지 지원법 제19조 제1항에 따른 교육적 선도 대상자 중에서 비행이나 일탈행동을 예방할 필요가 있는 청소년을 지원합니다.
학교 밖 청소년 지원에 관한 법률 제2조제2호에 따른 학교 밖 청소년을 지원합니다.
보호자가 없거나, 실질적으로 보호자의 보호를 받지 못하는 청소년을 지원합니다.","


생활, 건강지원은 기준중위소득이 65% 이하인 경우에 선정합니다.
학업, 자립, 상담, 법률, 활동, 기타 지원은 기준중위소득이 72% 이하인 경우에 선정합니다.
※ 소득인정은 해당 청소년과 실제 생계나 거주를 같이하는 부모에 대한 소득
소득기준의 산정방법은 다음과 같습니다.

건강보험료 본인부담금 납부액(노인장기요양보험료 제외)을 기준으로 월평균소득 금액을 산정
건강보험료 본인부담액을 적용함이 원칙임. 단, 실제로 소득활동을 하고 있으나 피부양자로 등록된 경우에는 그 소득 활동자의 소득을 수동으로 입력(소득 증빙서류 필요)
공적자료 조회 결과가 실제 소득과 다르다고 주장하는 경우, 신청자가 건강보험공단의 자료를 수정한 후에 반영
건강보험 미가입자로서 급여명세서 등 객관적 자료가 없어 통장사본으로 소득을 확인하는 경우에는 최근 3개월간의 금액을 평균하여 산정(실제 소득이 있는 달 기준)하고 확인서 등(예: 소득신고서)을 첨부하여 증빙
매월 건강보험료가 변경되는 경우(예:군인)는 신청월 직전 1년간 납부한 건강보험료를 평균하여 산정(건강보험료 납부확인서 제출 필요)
지역건강보험에 부양자로 등록된 자가 건강보험 미가입 사업장에 취업한 경우에는 지역건강보험 납부 금액을 그대로 적용






","청소년이 일상생활을 유지하는 데 필요한 의식주 비용 등의 기초생계비와 숙식 제공 등의 서비스를 월 50만원 이내로 지원합니다.
청소년이 신체, 정신적으로 건강하게 성장하기 위해 요구되는 요양급여 비용 및 서비스를 연 200만원 이내로 다음과 같이 지원합니다.

진찰/검사
약제, 치료 재료의 지급
처치, 수술, 그 밖의 치료
예방, 재활
입원, 간호
이송 등 의료목적 달성을 위한 기타 조치사항
비급여 제외, 본인부담액 지원


청소년이 학업을 수행할 수 있도록 수업료, 학교운영비는 월 15만원 이내로 지원하고, 검정고시 준비에 필요한 학원비는 월 30만원 이내로 지원합니다.
청소년이 자립할 수 있도록 월 36만원 이내로 진로상담(적성/흥미 검사 및 상담 비용 포함)이나 지식,기술 및 기능 습득을 위한 비용,직업체험, 취업알선 및 사후지도 비용을 지원합니다.
청소년의 건강한 발달을 위한 심리 상담에 월 20만원이 지원되고, 심리 검사비는 연 25만원으로 별도 지원합니다.(청소년상담복지센터 상담지원비는 지원대상아님)
폭력이나 학대로 위기 상황에 처한 청소년에게 필요한 법률 서비스 비용(법률상담 비용과 소송 비용)을 연 350만원 이내로 지원합니다.
청소년 심의위원회가 건강한 성장을 위해 필요하다고 인정하는 청소년 활동 비용(수련 활동비, 문화 활동비, 교류 활동비, 특기 활동비 등)을 월 10만원 이내로 지원합니다.
운영위원회가 예산의 범위 안에서 필요하다고 인정한 비용(청소년이 수치심을 느낄 수 있는 외모 및 흉터 등의 교정, 교복 지원 등)을 지원합니다.","거주지 읍/면/동 주민센터,  또는 복지로 웹사이트(PC/모바일앱)에서 ‘서비스 신청’",여성가족부,02-2100-6000,여성가족부,http://www.mogef.go.kr/index.jsp,9,12,5,"청년, 아동, 청소년"
WLF00000089,다함께 돌봄 사업,보건복지부 인구정책총괄과,"돌봄이 필요한 만6~12세 아동에게 지원합니다.

소득수준 무관
이용료 수납한도액 : 아동 1인당 월 10만원 이내(프로그램 활동비, 현장학습비 등)
※ 급간식을 제공할 경우, 월 10만원 이외 별도 수익자 부담 추가 가능","


지자체(센터별) 여건에 따라 입소 우선 대상자를 선정합니다.
(다자녀 가정, 맞벌이 가정, 초등학교 저학년 가정 등)






","상시일시 돌봄, 방과후 프로그램 연계, 등하원지원, 정보제공 등 다양한 형태의 지역 맞춤형 돌봄 서비스를 제공합니다.","거주지 읍/면/동 주민센터, 에서 ‘서비스 신청’",보건복지부 콜센터,129,보건복지부 콜센터,http://www.129.go.kr,9,12,5,"아동, 청소년"
WLF00000751,청소년복지시설 운영 지원,여성가족부 청소년자립지원과,가출하여 생활하고 있거나 일정한 거주지가 없는 청소년을 지원합니다.,"
                                   
                                   
                                   
                                   
선정기준은 지원대상의 내용을 참고해주시기 바랍니다.
                                   
                                   
","가출청소년들이 머무르며 생활을 할 수 있는 쉼터 입소를 지원합니다.
위험으로부터 청소년을 보호하고, 자립하여 생활할 수 있도록 지원합니다.
가정과 학교로 돌아갈 수 있도록 지원합니다.
청소년의 꿈과 진로모색을 위한 문화여가생활을 지원합니다.","거주지 읍/면/동 주민센터, 에서 ‘서비스 신청’","청소년상담복지센터, 한국청소년상담복지개발원",1388(또는 지역번호 1388),"청소년상담복지센터, 한국청소년상담복지개발원",한국청소년상담복지개발원(www.kyci.or.kr),9,12,5,"청소년, 아동, 청년"
WLF00000948,학교 밖 청소년 지원,여성가족부 학교밖청소년지원과,만 9~24세의 학교 밖 청소년을 지원합니다.,"
                                   
                                   
                                   
                                   
선정기준은 지원대상의 내용을 참고해주시기 바랍니다.
                                   
                                   
","전국 220개소 학교 밖 청소년지원센터에서 다음과 같은 서비스를 제공합니다.

상담지원: 초기상담 및 욕구파악, 심리진로가족관계 등 문제상담
교육지원: 검정고시 지원, 상급학교 진학 지원, 비진학 청소년 진학 지원, 재취학, 재입학 등 복학, 대안학교 진학 지원, 학업 중단 예방 지원 등
직업체험 및 취업지원: 직업체험이나 진로교육활동 또는 직접적인 경제활동 참여나 취업을 지원하는 활동 등
자립지원: 생활지원, 문화공간지원, 의료지원, 정서지원, 경제교육, 법률교육 등
건강증진 서비스 제공 등


지역에 따라 제공서비스 내용은 다를 수 있습니다.","거주지 읍/면/동 주민센터, 에서 ‘서비스 신청’",학교 밖 청소년지원센터 홈페이지,,학교 밖 청소년지원센터 홈페이지,https://www.kdream.or.kr,9,12,5,"청년, 청소년, 아동"
WLF00000969,유아학비보육료 지원(만3~5세 누리과정 지원),교육부,"국공립 및 사립유치원에 다니는 만 3~5세 유아를 지원합니다. 

'18년 1~2월생으로서 유치원 조기 입학을 희망하여 만 3세반에 취원한 유아도 지원 대상
취학대상 아동('14.1.1~12.31.출생)이 취학을 유예하는 경우, 유예한 1년에 한하여 만 5세 유아 무상교육비 지원(취학유예 통지서 제출)

아래의 경우 지원대상에서 제외됩니다. 

대한민국 국적을 가지지 않은 유아(난민은 예외적으로 인정)
가정 양육수당 및 어린이집 보육료를 지원받고 있는 유아
유치원 이용시간에 아이돌봄서비스 등과 중복지원 불가
해외체류 기간이 31일째 되는 일 유아학비 지원자격 중지","



선정기준은 지원대상의 내용을 참고해주시기 바랍니다.

","만 3~5세에 대해 교육비를 지급합니다. 

국공립 80,000원, 사립 260,000원

만 3~5세에 대해 보육비를 지급합니다. 

어린이집 260,000원

만 3~5세에 대해 방과후과정비를 지급합니다. 

국공립 50,000원, 사립 70,000원, 어린이집 70,000원","거주지 읍/면/동 주민센터, 교육청 또는 복지로 웹사이트(PC/모바일앱)에서 ‘서비스 신청’",교육부,02-6222-6060,교육부,http://www.moe.go.kr,9,12,5,"청소년, 영유아"
WLF00001026,내일이룸학교 운영,여성가족부 학교밖청소년지원과,만 15세 이상 24세 미만의 학교 밖 청소년에게 지원합니다.,"
                                   
                                   
                                   
                                   
선정기준은 지원대상의 내용을 참고해주시기 바랍니다.
                                   
                                   
","3월~11월(훈련기관에 따라 상이) 전문 직업훈련, 자립장려금 및 취업지원 등을 지원합니다.

예비학교: 직업훈련 시작 전 과정 안내 및 훈련생 간 친밀감 형성을 통한 훈련생의 훈련 이해도 제고 및 적응 지원
직업훈련: 학교 밖 청소년의 특성과 수요를 반영한 직종 지원
특화 프로그램: 직업훈련 외에 검정고시, 예체능 활동, 심리상담 등 훈련생의 학력취득 및 특기적성 개발 지원
기타: 자립장려금, 무료기숙사 및 학력취득 지원 등
- 월 30만원의 자립장려금 지급(월별 출석률에 비례하여 차등지급)
- 무료 기숙사 제공(기숙사 제공 여부는 훈련기관에 따라 다를 수 있음)
- 검정고시 지원을 통한 기초학력 취득, 직종 관련 자격증(기능사) 취득 및 심리상담 등","거주지 읍/면/동 주민센터, 에서 ‘서비스 신청’",한국생산성본부,02-398-7632,한국생산성본부,,9,12,5,"청소년, 청년"
WLF00001067,장애아보육료지원,보건복지부 보육사업기획과,"장애인복지카드(등록증)를 소유한 미취학 만 12세 이하의 장애아동을 지원합니다.
단, 다음의 아동에 대해서는 예외적으로 지원할 수 있습니다.

장애인 등에 대한 특수교육법 제15조에 따라 특수교육 대상자로 선정된 만 3~5세 아동이 특수교육대상자 진단/평가 결과 통지서를 제출한 경우
취학연령이 되었음에도 부득이하게 질병 등의 사유로 일반 초등학교 및 특수학교에 취학하지 못한 장애아동(장애인 복지카드를 소지하거나 특수교육 대상자 진단/평가 결과 통지서를 제출한 경우임. 단, 담당자는 취학유예 여부 확인하여야 하며 특수교육 대상자 진단/평가 결과 통지서 제출자의 경우 만8세까지 지원 가능)
장애인복지카드 또는 특수교육 대상자 진단,평가 결과 통지서를 미소지한 만 5세이하 영유아도 장애소견이 있는 의사진단서를 제출할 경우
장애아가 부득이하게 휴학한 경우에도 보육료 지원 가능(단, 장애인복지카드 소지자는 만 6세 이상 만 12세까지 지원, 특수교육 대상자 진단/평가 결과 통지서를 제출한 경우 만 6세 이상 만 8세까지 지원 가능)
장애아동이 정부지원을 받는 특수학교(유치부 또는 초등학교 과정)를 이용할 경우 장애아무상보육료 지원 불가하며, 초등학교 과정 아동은 방과후 보육료 지원 가능
※ 특수교육대상자의 경우 만 8세까지 장애아방과후보육료 지원 가능","


보호자의 소득수준에 상관없이 지원하나, 장애인복지카드(등록증), 장애소견이 있는 의사의 진단서 또는 특수교육대상자 진단/평가 결과 통지서 제출해야 합니다.
진단서 제출로 장애아 보육료를 지원하는 경우 제출된 의사의 진단서(장애인등록용 장애진단서와는 다름)는 장애아등급이 반드시 명기될 필요는 없으나 진단서 상의 장애 소견이 장애인 복지법시행령 에 있는 장애인의 종류 및 기준에 한정되며 진단기관은 장애인복지사업안내(장애인 등록)의 장애진단기관(의료기관) 및 전문의 등의 기준으로 한정합니다.




","장애아반 편성아동은 502,000원을 지원합니다.
만 3~5세 누리반(장애아)아동은 502,000원을 지원합니다.
일반아동반 편성 장애아동은 시도지사가 고시한 연령별 보육료 수납한도액을 지원합니다.","거주지 읍/면/동 주민센터, 에서 ‘서비스 신청’",보건복지부 콜센터,129,보건복지부 콜센터,http://www.129.go.kr,9,12,5,"영유아, 아동"
WLF00001081,취학전 아동 실명예방,보건복지부 출산정책과,"이동 정밀검진 대상자는 다음과 같습니다.

영유아 건강검진 시각이상 의심 판정자
전년도 및 당해 연도 영유아 건강검진 미실시자
안과가 없는 지역 외 보건소 요청으로 안과검진을 필요로 하는 지역 등
다문화가정 어린이
드림스타트(전국 229개) 등 취약 어린이
조손가정 어린이
보호자 희망 및 보건소에 의해 의뢰된 어린이 등





저소득 가정 눈 수술비 지원 대상자는 다음과 같습니다.

눈 수술이 필요하다는 진단을 받은 만 10세 미만의 어린이 중,
- 국민기초생활보장법 에 따른 수급자 또는 차상위계층
- 2021년도 기준 중위소득 80%이하 대상





약시 추후관리 대상자는 다음과 같습니다.

2013년 1월 1일 이후 출생한 어린이 중 눈 질환으로 인해 가림치료가 필요하다는 의사의 진단을 받은 어린이





저시력 어린이 시각재활 대상자는 다음과 같습니다.

초등학생 어린이 중,
- 좋은 눈의 최대교정시력이 0.05이상, 0.3 이하인 어린이
- 시야각이 10도 이내인 어린이","


저소득 가정 눈 수술비 지원은 다음 기준에 따라선정합니다.


가구별 선정 기준을 나타내주는 표












2인 가구
3인 가구
4인 가구
5인 가구
6인 가구




소득기준
2,394,000원
3,096,000원
3,799,000원
4,502,000원
5,205,000원


직장가입자
79,924원
104,090원
126,909원
151,927원
174,636원


지역가입자
45,003원
95,023원
118,159원
150,605원
178,276원


혼합
80,076원
105,268원
128,407원
153,994원
177,425원




* 노인장기요양보험료 제외 금액임











",안과 사전검사 및 수술비 본인부담금을 지원합니다.,"거주지 읍/면/동 주민센터, 에서 ‘서비스 신청’",한국실명예방재단,02)718-1102,한국실명예방재단,http://www.kfpb.org,9,12,5,"아동, 영유아, 청소년"
WLF00001107,지역아동센터 지원,보건복지부 인구정책총괄과,"18세 미만의 방과후 돌봄이 필요한 아동을 대상으로 지원합니다.

돌봄취약 아동 : 소득기준(기준 중위소득 100% 이하), 가구특성기준(기초생활수급 및 차상위계층 등), 연령기준(18세 미만)을 모두 만족하는 아동
일반아동 : 연령기준을 만족하는 아동
※ 3명 이상 다자녀 가족의 아동 및 맞벌이 가정의 아동 포함","
                                   
                                   
                                   
                                   
선정기준은 지원대상의 내용을 참고해주시기 바랍니다.
                                   
                                   
","지역아동센터를 통한 돌봄서비스를 제공합니다.

아동보호(안전한 보호, 급식 등), 교육 기능(일상생활 지도, 학습능력 제고 등), 정서적 지원(상담가족지원), 문화서비스(체험활동, 공연) 등으로 지역사회 내 아동돌봄에 대한 사전 예방적 기능 및 사후 연계 제공","거주지 읍/면/동 주민센터, 시군구에서 ‘서비스 신청’",보건복지부 콜센터,129,보건복지부 콜센터,http://www.129.go.kr,9,12,5,"아동, 청소년"
WLF00001108,주택담보노후연금보증,금융위원회,"지원대상 및 선정기준


합산공시가격 9억원 이하의 주택을소유한 분으로 만 55세 이상이면 지원합니다. 부부인 경우 연장자 기준입니다.
부부기준으로 보유주택의 합산가격이 9억원 이하이면 거주하는 주택으로 주택연금을 가입하고, 9억원을 초과하면 2주택을 보유한 경우에 한하여 3년 이내에 담보주택 이외의 주택을 처분한다는 조건으로 가입할 수 있습니다.
대상주택은 주택법상 주택 및 노인복지주택, 주택면적 1/2 이상인 복합용도주택, 주거 목적의 오피스텔입니다.","



합산공시가격 9억원 이하의 주택을소유한 분으로 만 55세 이상이면 지원합니다. 부부인 경우 연장자 기준입니다.
부부기준으로 보유주택의 합산가격이 9억원 이하이면 거주하는 주택으로 주택연금을 가입하고, 9억원을 초과하면 2주택을 보유한 경우에 한하여 3년 이내에 담보주택 이외의 주택을 처분한다는 조건으로 가입할 수 있습니다.
대상주택은 주택법상 주택 및 노인복지주택, 주택면적 1/2 이상인 복합용도주택, 주거 목적의 오피스텔입니다.




","주택연금을 매달 지급(월 지급금은 주택가격 및 연령에 따라 산정)하고, 종신거주를 보장합니다.
주택연금을 일시 인출금(주택가격 및 연령에 따라 산정)으로 지급하여 선순위 채권(대출금, 임차보증금 등)에 상환할 수 있도록 지원합니다.
다음과 같은 세제혜택을 드립니다.

근저당설정시 등록세 75% 감면(2021.12.31까지, 주택보유수 및 주택가격에 따라 차등감면 적용)농특세 면제, 국민주택채권 매입 면제
재산세 25% 감면(2021.12.31.까지, 1가구 1주택인 경우로 한정, 공시가 5억원 한도)
연금소득자의 경우에는 주택연금 대출이자비용 소득공제(연간 200만원 한도)","거주지 읍/면/동 주민센터, 에서 ‘서비스 신청’",한국주택금융공사,,한국주택금융공사,http://www.hf.go.kr/,9,12,5,"중장년, 노년"
WLF00001111,어르신 문화프로그램운영,문화체육관광부 지역문화정책과,50세 이상의 어르신이면 지원 가능합니다.,"
                                   
                                   
                                   
                                   
선정기준은 지원대상의 내용을 참고해주시기 바랍니다.
                                   
                                   
","전국의 문화시설에서 50세 이상 어르신을 대상으로 맞춤형 문화프로그램을 운영합니다.

어르신 문화활동지원, 어르신 사회활동 지원","거주지 읍/면/동 주민센터, 에서 ‘서비스 신청’",한국문화원연합회 지역문화진흥팀,02-704-4311,한국문화원연합회 지역문화진흥팀,www.seniorculture.or.kr,9,12,5,"노년, 중장년"
WLF00001114,이주배경 청소년 지원,여성가족부 학교밖청소년지원과,"다문화가족의 청소년, 탈북 청소년, 중도입국 청소년(부모의 국제결혼이나 재혼 등으로 입국한 청소년 등)에게 지원합니다.","
                                   
                                   
                                   
                                   
선정기준은 지원대상의 내용을 참고해주시기 바랍니다.
                                   
                                   
","운영 중인 프로그램은 무료로 제공되며 다음과 같습니다.
* 단, 상시 운영 프로그램 참가자의 경우 식비 등 수익자가 부담할 수 있음

이주배경청소년 초기적응 지원 : 레인보우스쿨 운영(전국 23개소, 전일제시간제 등)
이주배경청소년 진로 지원 : 무지개 Job아라, 내-일을 잡아라
탈북청소년 적응 및 자립 지원 : 비교문화체험학습(연 4회, 1박 2일), 동기야 놀자(격월, 총 6회)
다문화 사회에 대한 인식 개선 프로그램 운영 : 다문화 감수성 증진 프로그램(다가감, 350차시)","거주지 읍/면/동 주민센터, 에서 ‘서비스 신청’",레인보우스쿨,02-722-2585,레인보우스쿨,www.rainbowyouth.or.kr,9,12,5,"아동, 청소년, 청년"
WLF00001119,차상위본인부담경감대상자지원,보건복지부 보험정책과,"희귀난치성중증 질환자, 만성 질환자, 18세 미만인 자 중 소득인정액 기준과 부양의무자 기준(부양 요건)을 모두 갖춘 사람에게 지원합니다.

희귀난치성중증 질환자 : 보건복지부 장관이 고시하는 희귀난치성 질환 또는 중증 질환을 가진 자
만성 질환자 : 희귀난치성 질환 또는 중증 질환 외의 질환으로 6개월 이상 치료받고 있거나, 6개월 이상 치료를 필요로 하는 자.
18세 미만인 자 : 18세가 되는 날이 속하는 해까지 지원
* 다만, 18세 이상 20세 미만의 중고등학교 재학생은 20세가 되는 날이 속하는 달까지 인정하고, 20세가 되기 전에 중고등학교를 졸업하는 경우에는 졸업하는 달까지 인정","


소득인정액의 기준은 다음과 같습니다.

소득인정액이 기준 중위소득의 50% 이하
* 배우자와 미혼자녀 중 30세 미만인 자는 기준세대에 포함됨


부양의무자(부양 요건) 기준은 다음과 같습니다.
* 부양의무자: 희귀난치성질환자 등의 1촌의 직계혈족 및 그 배우자

서비스를 적용받고자 하는 자가 부양의무자가 없거나 있어도 부양능력이 없어 부양을 받을 수 없는 경우
배우자는 기준세대에 포함시켜 소득인정액을 계산하므로 부양능력 판정에서 제외






","요양기관에서 진료를 받으신 후 의료급여 당시와 유사한 수준의 본인 부담금만 부담하고 일반가입자 본인 부담금과의 차액은 국고에서 지원합니다.
대상자 중 지역 가입자에 대해서는 보험료 전액을 국고에서 지원합니다.
요양급여 비용 중 본인 부담금은 다음과 같습니다.

희귀난치성 중증 질환자의 요양급여 비용 면제(입원, 외래), 기본 식대의 20%
만성 질환자, 18세 미만인 자의 입원은 요양급여 비용의 14%, 기본 식대의 20%
만성 질환자, 18세 미만인 자의 외래진료는 요양급여 비용의 14%(정액 1,000원과 1,500원으로 지원)","거주지 읍/면/동 주민센터, 국민건강보험공단에서 ‘서비스 신청’",국민건강보험공단,,국민건강보험공단,http://www.nhis.or.kr/,9,12,5,"노년, 중장년, 영유아, 아동, 청년, 구분없음(전생애), 청소년"
WLF00001123,지역공동체일자리사업,,"만 18세 이상으로 일할 수 있는 능력이 있는 자를 지원합니다.
2인이상 가구소득이 기준중위소득 65% 이하(1인가구는 기준중위소득 120%이하)이면서 재산(토지,건축물,주택,자동차 등 재산액 합계)이 3억원 미만인 가구의 구성원을 지원합니다.","


가구소득은 지자체 선발기준 점수표에 따라 일모아시스템을 통해 선발합니다.
소득 및 재산 등 신청자에 대한 자격 요건 심사와 선발 배제 대상자(중복 또는 반복참여자, 고소득자 및 고액자산가 등) 여부를 판단합니다.
※ 단, 참여자 모집을 위한 최초 공고 이후 참여자 부족으로 재공고를 하는 경우 선발 총점의 20%이상 감점하여 선발 가능(대상 : 반복참여자, 고소득자 및 고액자산가 각각 감점)




","다음과 같은 내용으로 임금을 지급하고, 4대보험에 가입됩니다.

1일(8시간 기준) 임금은 시급 8,720원
65세 미만은 1일 8시간이내, 주 40시간 이내에서 자치단체 자율적으로 운영
65세 이상은 1일 5시간이내, 주 25시간 이내에서 자치단체 자율적으로 운영
간식비는 1일 기준 5,000원 이내 별도 지급","거주지 읍/면/동 주민센터, 에서 ‘서비스 신청’",행정안전부,02-2100-3399,행정안전부,http://www.moi.go.kr/,9,12,5,"청년, 노년, 중장년"
WLF00001138,"자활근로(기초, 차상위)",보건복지부 자립지원과,국민기초생활보장법에 따른 수급자 및 차상위 계층을 지원합니다.,"


자활사업 참여를 의무조건으로 생계급여를 지급 받는 조건부 수급자를 지원합니다.
※ 조건부과 여부에 대한 판단은 생계급여 수급(권)자만을 대상으로 함
생계의료급여 수급자이면서 자활근로, 자활기업 등 자활사업 및 취업성공패키지(고용노동부)에 참가하여 발생한 소득으로 인해 소득인정액이 기준 중위소득의 40%를 초과한 자활급여 특례자를 지원합니다.
자활사업 참여를 희망하는 일반 수급자를 지원합니다. 일반수급자는 다음의 경우로 구분됩니다.

근로능력이 없는 생계급여 수급권자 및 조건부과 제외자
의료주거교육급여 수급(권)자
기타 수급 유형(의료주거교육급여)은 별도의 차상위 책정 절차 없이 수급권 자격을 받는 동시에 바로 자활사업에 참여 가능
만 65세 이상 등 근로능력이 없는 사람도 희망하는 경우 참여 가능
단, 정실질환알코올 질환자 등은 시/군/구청장의 판단하에 참여 제한 가능


의료급여특례, 이행급여특례를 지원 받는 가구의 근로 능력이 있는 가구원 중 자활사업 참여를 희망하는 사람을 지원합니다.
근로능력이 있고 소득인정액이 기준 중위소득 50% 이하인 비수급권자(차상위계층)를 지원합니다.

만 65세 이상 등 근로능력이 없는 차상위자가 자활사업 참여를 원하는 경우 시/군/구의 자활사업 및 지원예산과 자원의 여건을 감안하여 시/군/구청장의 결정에 따라 참여 가능


근로능력이 있는 시설 수급자를 지원합니다.

시설 수급자 중 생계의료급여 수급자: 행복e음 보장결정 필수(조건부 수급자 전환 불필요)
일반시설 생활자(주거교육급여 수급자 및 기타): 차상위자 참여절차를 따름






","시장진입형(기술자격자)에 참여하면 1일 8시간, 주 5일 근무, 급여 56,110원(60,110원)의 일자리를 지원합니다.
사회서비스형(기술자격자)에 참여하면 1일 8시간, 주 5일 근무, 급여 49,120원(53,120원)의 일자리를 지원합니다.
근로유지형은 1일 5시간, 주 5일 근무, 급여 28,810원의 일자리를 지원합니다.","거주지 읍/면/동 주민센터, 에서 ‘서비스 신청’",보건복지부,,보건복지부,http://www.mohw.go.kr,9,12,5,"청년, 중장년, 노년"
WLF00001140,방과후보육료지원,보건복지부 보육기반과,차상위 이하(법정 저소득층 포함) 및 장애아동에 해당되는 취학아동이 방과후에 어린이집을 일일 4시간 이상 이용하는 경우 지원합니다.,"


차상위 이하(법정 저소득층 포함) 기준에 해당하면 지원합니다.

생계의료주거교육해산장제자활급여 수급권자
한부모 가정
아동복지시설에서 생활 중인 아동
여성폭력피해자 보호시설(가정폭력, 성폭력), 성매매피해자 지원시설에 입소한 여성의 동반 자녀
모부자(일시)보호시설 등에 거주하는 아동
모부자(일시)보호시설 등에 입소한 자의 동반 자녀 등
미혼모자 공동생활 가정에 입소한 자의 동반 자녀
차상위계층의 자녀


법정 저소득층 또는 차상위 자격이 없는 경우,「사회복지서비스 및 급여신청서」 양식으로 위의 서비스(급여)와 영유아보육을 동시에 신청하여 자격확인 후 지원 여부를 결정합니다(신청일 기준으로 보장결정).




","일반 아동의 경우, 월 10만 원을 지원합니다.

일일 4시간 미만 이용 시에는 지원하지 않음


장애 아동의 경우, 교사 대 아동 비율을 1:3으로 반을 편성하고, 방과후 및 장애아보육 보수교육과정을 이수한 교사를 별도 배치하여 보육 시 장애아 보육료의 50%인 239,000원을 지원합니다(6개월 이내에 방과후 및 장애아 보수교육과정을 이수할 것을 전제로 교사를 배치한 경우에는 별도 교사를 배치한 것으로 간주).

교사 대 아동 비율(1:3)을 준수하지 않거나, 방과후 및 장애아보육 보수교육과정을 이수한 교사를 배치하지 않은 경우, 정부지원시설은 월 10만원, 정부미지원시설은 시/도지사가 정한 만 5세아 보육료 수납한도액의 50%를 지원


방학기간 종일제 보육을 실시한 경우, 월 20만원을 이용일자에 따라 일할 계산하여 지원합니다.
예시: 10일 이용 시, 정부지원단가  10 /26(보육가능일수) 지급

장애아동은 장애아 보육료를 100% 지원하고,이용일자에 따라 일할 계산하여 지원","거주지 읍/면/동 주민센터, 에서 ‘서비스 신청’",보건복지부,,보건복지부,http://www.mohw.go.kr,9,12,5,청소년
WLF00001141,지역사회 청소년통합지원체계(청소년안전망),여성가족부 청소년자립지원과,만 9~24세의 청소년에게 지원합니다.,"
                                   
                                   
                                   
                                   
선정기준은 지원대상의 내용을 참고해주시기 바랍니다.
                                   
                                   
","지역사회 청소년통합지원체계(청소년안전망)를 구축운영하고 있는 전국 청소년상담복지센터에서 서비스를 제공합니다.
청소년에 대한 상담, 긴급구조, 보호, 의료지원, 학업지원, 자립지원 등의 서비스 제공 및 상담복지 사례를 관리합니다.
전화(지역번호+1388), 휴대전화 문자상담(#1388), 사이버 채팅상담(www.cyber1388.kr)을 통해 유무선 상담을 지원합니다.
위기 청소년의 삶의 현장인 학교나 가정을 찾아가 심리적정서적으로 안정을 찾을 수 있도록 찾아가는 전문가(청소년동반자)가 상담 서비스를 제공합니다.
학교밖 청소년 지원센터(학업중단 청소년 자립 및 학습지원) 등 지역사회 청소년 연계기관과의 원활한 연계를 지원합니다.","거주지 읍/면/동 주민센터, 에서 ‘서비스 신청’",여성가족부 청소년자립지원과,02-2100-6275,여성가족부 청소년자립지원과,,9,12,5,"청소년, 아동, 청년"
WLF00001145,매체활용능력증진및역기능해소(청소년인터넷·스마트폰과의존치료비지원),여성가족부 청소년보호환경과,"인터넷스마트폰 이용습관 진단 전수조사 결과 과의존위험군으로 진단 받은 만 19세 미만 청소년이 지원대상입니다.
기준 중위소득 50% 이하, 한부모가정, 소년소녀가장 등 취약계층 가정의 청소년을 우선 지원합니다.","


취약계층 청소년의 경우, CYS-Net 실행위원회 또는 사례판정위원회에서 지원대상을 결정합니다.




","인터넷스마트폰 중독 예방 및 상담치료를 지원합니다.

개별상담이나 집단상담, 전화상담, 사이버상담 등 지원
기숙형 치유캠프, 가족치유캠프, 가족관계 증진 프로그램 운영
인터넷(게임) 중독 예방 및 해소 프로그램 개발


인터넷스마트폰 과의존 상담전문인력을 양성하고, 전문교재를 개발할 수 있도록 지원합니다.
인터넷ㆍ스마트폰 중독 고위험군 청소년의 치료비를 지원합니다.

일반 청소년은 최대 40만원, 저소득층이나 취약계층의 청소년은 최대 60만원 지원","거주지 읍/면/동 주민센터, 에서 ‘서비스 신청’",헬프콜 청소년전화,1388,헬프콜 청소년전화,,9,12,5,"아동, 청소년"
WLF00001146,쉼터퇴소청소년 자립지원수당 지급,여성가족부 청소년자립지원과,청소년쉼터 퇴소자를 지원합니다.,"


청소년쉼터* 퇴소일로부터 3년 이내인 자로서 다음 조건에모두 해당하는 경우지원합니다.
* 청소년복지지원법 제31조 제1호 청소년쉼터(단기 및 중장기 쉼터에 한함)

만 18세 이후 퇴소한 자(21년 1월 이후 퇴소자에 한함)
퇴소일 기준 과거 3년동안 2년 이상 보호를 받은 자(직전 1년은 연속하여 보호받은 경우에 한함)






","월 30만원, 최장 3년을 지원합니다.","거주지 읍/면/동 주민센터, 에서 ‘서비스 신청’","청소년상담복지센터, 한국청소년상담복지개발원",1388(또는 지역번호 1388),"청소년상담복지센터, 한국청소년상담복지개발원",한국청소년상담복지개발원(www.kyci.or.kr),9,12,5,"청소년, 청년"
WLF00001147,그 밖의 연장형 보육료 등 지원,보건복지부 보육기반과,"지원대상 및 선정기준


그 밖의 연장형 보육료는 만 0~2세 종일반 보육료(기본보육시간 보육료 지원아동은 휴일보육료만 지원가능), 만 3~5세 누리과정 보육료, 다문화 보육료 및 장애아 보육료(취학전) 지원 아동을 지원합니다.

만 12세 이하 취학아동 중 법정 저소득층과 장애아동(복지카드 소지자)*에 대해서는 야간연장 보육료에 한해 지원 가능
복지카드 미소지자인 취학 장애아동은 특수교육대상자 진단평가 통지서 제출시 만 8세까지 지원


야간12시간 보육료, 24시간 보육료는 24시간 지정 어린이집을 이용하는 경우에만 지원합니다.
원장 겸 교사의 자녀는 그 밖의 연장형 보육료 지원대상에서 제외됩니다.
야간12시간 보육료는 주간에 어린이집을 이용하지 않는 아동이 야간에 이용하는 경우에만 지원을 받을 수 있으며 취학아동은 지원이 불가합니다.
24시간 보육료는 부모가 야간에 경제활동에 종사하는 가정, 한부모 또는 조손가정 등의 아동으로 주간 보육도 이용하고 야간보육이 불가피하다고 판단되는 아동을 지원합니다.","



그 밖의 연장형 보육료는 만 0~2세 종일반 보육료(기본보육시간 보육료 지원아동은 휴일보육료만 지원가능), 만 3~5세 누리과정 보육료, 다문화 보육료 및 장애아 보육료(취학전) 지원 아동을 지원합니다.

만 12세 이하 취학아동 중 법정 저소득층과 장애아동(복지카드 소지자)*에 대해서는 야간연장 보육료에 한해 지원 가능
복지카드 미소지자인 취학 장애아동은 특수교육대상자 진단평가 통지서 제출시 만 8세까지 지원


야간12시간 보육료, 24시간 보육료는 24시간 지정 어린이집을 이용하는 경우에만 지원합니다.
원장 겸 교사의 자녀는 그 밖의 연장형 보육료 지원대상에서 제외됩니다.
야간12시간 보육료는 주간에 어린이집을 이용하지 않는 아동이 야간에 이용하는 경우에만 지원을 받을 수 있으며 취학아동은 지원이 불가합니다.
24시간 보육료는 부모가 야간에 경제활동에 종사하는 가정, 한부모 또는 조손가정 등의 아동으로 주간 보육도 이용하고 야간보육이 불가피하다고 판단되는 아동을 지원합니다.




","야간연장 보육료는 다음과 같이 지원합니다.

지원 단가는 연령에 관계없이 동일
- 일반 아동: 시간당 3,200원
- 장애 아동: 시간당 4,200원
지원한도는 월 60시간이며 아침, 저녁급식비는 기타필요경비 지침에 따라 수납 가능
이용가능시간은 평일은 19:30~24:00, 토요일 15:30~24:00
※ 주간 어린이집 이용아동이 07:30분 이전부터 어린이집을 이용하는 경우 야간연장보육료 지원 가능
전자출결시스템을 통해 야간연장보육 이용일의 등하원시각을 시분 단위로 기록하고 야간연장보육 시간은 매일 1시간 단위로 계산
(예시) 19:30~20:30 사이에 하원 시 이용 시간은 1시간, 20:30~21:30분 사이에 하원 시 이용시간은 2시간
※ 야간연장 보육서비스만 이용하는 아동은 정부 지원 불가
※ 유치원에서 야간연장보육을 이용하기 위해 19:30 이전에 야간연장어린이집으로 등원 시 19:30까지의 이용시간에 대해 전액 부모의 자부담으로 이용료 수납 가능하며 19:30 이후에 대해서는 야간연장보육료 지원 가능


야간12시간 보육료는 다음과 같이 지원합니다.

2010년 3월부터 24시간 지정 어린이집에서만 야간12시간 보육이 가능하고 야간12시간 보육료 지원이 가능
※ 지원 단가는 만 0~5세 보육료 단가표 참조
주간에 어린이집을 이용하지 않는 아동이 야간에 이용하는 경우에만 야간12시간보육료 지원 가능(취학아동은 지원 불가)
이용가능시간은 19:30~다음날 07:30


24시간 보육료는 다음과 같이 지원합니다.

2010년 3월부터 24시간 지정 어린이집에서만 24시간 보육이 가능하며, 24시간 보육료를 지원
※ 지원 단가는 만 0~5세 보육료 단가표를 참조
부모가 야간에 경제활동에 종사하는 가정, 한부모 또는 조손가정 등의 아동으로 주간 보육도 이용하고 야간보육이 불가피하다고 판단되는 아동에 대해 24시간 보육료를 지원
이용가능시간은 07:30~다음 날 07:30
- 주간보육(07:30~19:30)과 야간12시간보육(19:30~다음 날 07:30) 동시 이용


휴일(토요일 제외) 보육료는 다음과 같이 지원합니다

기준단가: 정부지원 일 보육료*  150% 지원
* 일 보육료: 정부지원단가  휴일보육일수/26일(보육가능일수)
(예시) 2일 이용한 만3세아의 보육료 지원
 지원액: 260,000원* 2/26(일)*150% = 30,000원(원단위 절삭)
* 휴일어린이집으로 지정된 경우에는 일 보육료100%지원
기준시간: 일요일, 공휴일 07:30~19:30","거주지 읍/면/동 주민센터, 에서 ‘서비스 신청’",아이사랑보육포털,1661-9361,아이사랑보육포털,http://www.childcare.go.kr,9,12,5,영유아
WLF00001148,근로·자녀장려금,소득세제과,"전년도 6월 1일 현재 가구원 모두가 소유하고 있는 재산 합계액이 2억원 미만이면 신청 가능합니다.(가구원은신청자, 배우자, 부양자녀, 동일주소에서 생계를 같이하는 직계존비속 등 포함)","
 

근로장려금은 아래의 요건을 갖추어야 합니다. 

소득요건 : 전년도 부부합산 연간 총소득이 기준금액 미만일 것
 (단독가구: 2,000만원 / 홑벌이가구: 3,000만원 / 맞벌이가구: 3,600만원 미만) ※ 홑벌이가구: 배우자의 총 급여액 등이 300만원 미만이거나연소득 1백만원 이하의 부양자녀(18세 미만) 또는 부양부모(70세 이상 부또는 모)가 있는 가구
재산요건 : 전년도 6월 1일 현재 가구원 소유 주택, 토지, 건물, 전세보증금, 예금 등 재산합계액 2억원 미만일 것

자녀장려금은 18세 미만의 부양자녀가 있는 경우로서 아래의 요건을 갖추어야 합니다. 

소득요건 : 홑벌이가구, 맞벌이 가구 4,000만원 미만
재산요건 : 전년도(6.1.) 가구원 소유 주택,토지,건물 등 재산합계액 2억원 미만

공통으로 아래의 요건을 갖추어야 합니다. 

전년도 12월 31일대한민국 국적을 가진 자(외국인 중에 대한민국 국적을 가진 자와 혼인한 자, 대한민국 국적 부양자녀가 있는 자)일 것
전년도 중 다른 거주자의 부양자녀가 아닐 것
거주자(배우자 포함)가 전문직 사업을 영위하고 있는 자가 아닐 것


","부부의 총급여액 등을 합산한 금액을 기준으로 하여 근로장려금과 자녀장려금을 차등 지원합니다.
근로장려금은 다음과 같이 지원합니다. 

 
 
 



구분
지원내용
 




단독가구(총급여액 등 400만원 미만)

총급여액 등 x 400분의 150



단독가구(총급여액 등 400만원~900만원 미만)

150만원 정액



단독가구(총급여액 등 900만원~2,000만원 미만)

150만원 - (총급여액 등 - 900만원) x 1,100분의 150



홑벌이 가구(총급여액 등 700만원 미만)

총급여액 등 x 700분의 260



홑벌이 가구(총급여액 등 700만원~1,400만원 미만)

260만원 정액



홑벌이 가구(총급여액 등 1,400만원~3,000만원 미만)

260만원 - (총급여액 등 - 1,400만원) x 1,600분의 260



맞벌이 가구(총급여액 등 800만원 미만)

총급여액 등 x 800분의 300



맞벌이 가구(총급여액 등 800만원~1,700만원 미만)

300만원 정액



맞벌이 가구(총급여액 등 1,700만원~3,600만원 미만)

300만원 - (총급여액 등 - 1,700만원) x 1,900분의 300



 

자녀장려금은 다음과 같이 지원합니다. 

 
 
 



구분
지원내용
 




홑벌이 가구(총급여액 등 2,100만원 미만)

부양자녀의 수 x 70만원



홑벌이 가구(총급여액 등 2,100만원~4,000만원 미만)

부양자녀의 수 x [70만원 - (총급여액 등 - 2,100만원) x 1,900분의 20]



맞벌이 가구(총급여액 등 2,500만원 미만)

부양자녀의 수 x 70만원



맞벌이 가구(총급여액 등 2,500만원~4,000만원 미만)

부양자녀의 수 x [70만원 - (총급여액 등 - 2,500만원) x 1,500분의 20]","거주지 읍/면/동 주민센터, 에서 ‘서비스 신청’",국세청 근로장려세제,126,국세청 근로장려세제,http://www.hometax.go.kr/,9,12,5,"청년, 노년, 중장년"
WLF00001149,공공산림가꾸기,산림청 산림자원과,"만 18세 이상의 성인 중에서 실업자 또는 정기적인 소득이 없는 일용근로자를 지원합니다.


지원 제외 대상

산림육성의 특성상 기계 장비를 사용해야 하므로 청각, 간질, 정신질환 등의 장애가 있는 지원자
전년도 일자리 참여자 중에서 잦은 결근, 지각, 조퇴, 음주, 근무지 이탈 또는 감독자의 지시에 불응했던 참여자, 근무태도가 불량했던 참여자
고등학교, 대학교(2년제~3년제 대학 및 대학원 포함)에 재학 중인 학생","


지방산림청장, 국유림관리소장 및 시장, 도지사, 군수, 구청장이 선발합니다.
다음은 일반선발 기준입니다.

사업별 자격 및 선발기준에 따라 정함
특별한 기술, 자격 및 경험을 필요로 하는 사업은 경험이 있는 자를 우선 고용할 수 있음


다음은 취업취약계층 우선 선발 기준입니다.

저소득층, 장애인, 장기실직자, 한부모가족 등 취업취약계층의 참여 목표인원(55% 이상)을 사전 확정하여 선발 및 사후관리
모집공고시 취업취약계층 우선 선발을 명시토록 하고, 선발시 취업취약계층 지원자에게 가점 부여 등을 통해 우선 선발


신청자가 많을 경우 우선순위를 고려, 사업시행 기관별로 별도의 선발기준을 마련하여 선발합니다.




","다음은 공공산림 가꾸기 사업유형입니다.

산림 바이오매스 수집단: 공공성이 강한 생활권 주변 산림정비 및 숲 가꾸기 산물 수집
숲 가꾸기 자원 조사단: 산림자원조사 업무 및 산림사업 DB 구축
숲 가꾸기 패트롤: 각종 산림피해(덩굴류, 병해충, 산림재해 등) 및 산림 내 현장민원 처리


산림 바이오매스 수집단, 숲 가꾸기 자원 조사단 사업에 참여한 인부에게는 1일 69,760원을 지급합니다.
숲 가꾸기 패트롤 사업에 참여한 인부에게는 1일 77,760원을 지급합니다.","거주지 읍/면/동 주민센터, 에서 ‘서비스 신청’",경남 산림녹지과,055-211-4285,경남 산림녹지과,,9,12,5,"중장년, 노년, 청년"
WLF00001152,노숙인등 복지지원,보건복지부 자립지원과,노숙인 등의 복지 및 자립지원에 관한 법률제 2조에 따른 노숙인 중 노숙인 시설에 입소해 있는 분을 지원합니다.,"
                                   
                                   
                                   
                                   
선정기준은 지원대상의 내용을 참고해주시기 바랍니다.
                                   
                                   
","노숙인의 재활/요양시설의 운영을 위해 필요한 종사자의 인건비, 공공요금, 자활 프로그램비를 지원합니다.
노숙인의 재활/요양시설의 환경개선 및 관계법령 기준을 충족하기 위한 시설을 신축 또는 증축 하거나 개수 또는 보수, 장비구입을 지원합니다.","거주지 읍/면/동 주민센터, 에서 ‘서비스 신청’",보건복지부 콜센터,129,보건복지부 콜센터,http://www.129.go.kr,9,12,5,"중장년, 노년, 청년"
WLF00001157,지역자활센터 운영,보건복지부 자립지원과,"지원대상 및 선정기준


지역자활센터 중 지역사회복지사업 및 자활지원사업의 수행능력과 경험 등이 있는 사회복지법인 등 비영리법인과 단체*를 지원합니다.
* 비영리민간단체지원에 관한 법률 2조에 등록된 단체로 정관 및 규약상 해당 사업을 수행할 수 있는 단체","



지역자활센터 중 지역사회복지사업 및 자활지원사업의 수행능력과 경험 등이 있는 사회복지법인 등 비영리법인과 단체*를 지원합니다.
* 비영리민간단체지원에 관한 법률 2조에 등록된 단체로 정관 및 규약상 해당 사업을 수행할 수 있는 단체




","지역자활센터를 운영하는데 필요한 인건비, 관리운영비, 사업비를 지원합니다.","거주지 읍/면/동 주민센터, 에서 ‘서비스 신청’",보건복지부 콜센터,129,보건복지부 콜센터,http://www.129.go.kr,9,12,5,"노년, 중장년, 청년, 청소년"
WLF00001158,치매치료관리비지원사업,보건복지부 치매정책과,해당 지역 주민(주민등록 기준) 중 보건소(치매상담센터)에 치매환자로 등록된 자로서 치매치료관리비 지원을 받고자 하는 자가 선정기준을 만족하면 지원합니다.," 
 
 
 
다음의 기준을 모두 충족하여야 합니다. 
 
연령기준: 만 60세 이상인 자(초로기 치매 환자도 선정가능) - 초로기 치매환자도 예외적으로 선정 가능하나, 이 경우에도 진단기준과 치료기준, 소득기준은 반드시 충족해야 함 
진단기준 : 의료기관에서 상병코드 F00~F03, G30 중 하나 이상으로 진단을 받은 자 - 반드시 보건소(치매상담센터)에 치매환자로 등록되어 있어야 지원 가능 
치료기준 : 치매치료약 처방전 사본 또는 영수증을 기준으로 치매치료약 복용 여부 확인 
소득기준 :기준 중위소득의 120% 이하인 경우
 - 의료급여수급자는 소득기준을 충족하는 것으로 판정
 - 국민건강보험가입자 중 건강보험료 본인부담액이 치매치료관리비지원 대상자 소득판정기준 이하인 자 
 
보훈대상자 의료지원 대상자에게는 지원하지 않습니다. 
 
 ","치매치료관리비 보험급여분 중 본인부담금(치매약제비 본인부담금 + 약 처방 당일의 진료비 본인부담금)을 월 3만원(연 36만원) 이내에서 실비로 지원합니다. 
치료제는 복용 개월수에 따라 일괄 지급합니다.","거주지 읍/면/동 주민센터, 시군구 보건소(치매안심센터)에서 ‘서비스 신청’",보건복지상담센터,129,보건복지상담센터,http://www.129.go.kr,9,12,5,노년
WLF00001164,기초연금,보건복지부 기초연금과,"만 65세 이상인 어르신으로서소득인정액이 매년 보건복지부장관이 정하여 고시하는 금액 이하인 사람에게지원합니다. 

단, 직역연금 수급권자와 그 배우자는 기초연금 지급대상에서 제외하나, 특례대상과 예외대상에 해당하는 경우는 수급권자의 범위에 포함","



2022년도 선정기준액은 단독가구는 1,800,000원, 부부가구는 2,880,000원이며, 소득인정액은 아래와 같이 계산합니다. 

소득인정액 = 소득평가액 + 재산의 소득환산액
소득평가액 = {0.7 X (근로소득 - 103만원)} + 기타 소득
재산의 소득환산액 = [ {(일반재산 - 기본재산액*) + (금융재산 - 2,000만원) - 부채} X 재산의 소득환산율  12월] + P**
 *기본재산액은 대도시 1억3,500만원, 중소도시 8,500만원, 농어촌 7,250만원 **P는 고급자동차 및 회원권의 가액으로 월 100%의 소득환산율을 적용

직역연금 수급권자 제외 요건은 아래과 같습니다. 

(예외) 다음 어느 하나에 해당하는 직역연금의 수급권자 및 그 배우자는 기초연금 수급권자 범위에 포함
 * 연계퇴직연금 또는 연계퇴직유족연금 수급권자 중 직역재직기간이 10년 미만인 경우 * 유족연금일시금, 장해일시금, 비공무상 장해일시금, 비직무상 장해일시금, 퇴직유족연금일시금, 퇴직유족일시금을 받은 이후 5년이 경과된 경우
(특례) 기초연금 수급권자 대상에서 제외되는 직역연금 수급권자 및 그 배우자 중 아래의 경우에 해당하는 자
 * 1949년 6월 30일 이전 출생자로 종전의 「기초노령연금법」에 따른 기초노령연금 수급권자가 소득인정액이 선정기준액 이하인 경우 * 1996년 6월 30일 이전 출생자로 「장애인연금법」 부칙 제4조에 따른 장애인연금 특례수급권자가 65세에 도달할 당시의 소득인정액이 선정기준액 이하인 경우


","매월 25일에 기준연금액(30만7천5백원)과 국민연금 급여액 등을 고려하여 지급합니다.
기초연금액의 감액은 아래의 경우 이뤄집니다. 

본인과 그 배우자가 모두 기초연금 수급권자인 경우에는 각각의 기초연금액에서 기초연금액의 20%를 감액
소득인정액과 기초연금액(부부2인 수급가구는 부부감액 적용 이후)을 합산한 금액이 선정기준액 이상인 경우에는 선정기준액을 초과하는 금액의 범위에서 기초연금액의 일부를 감액","거주지 읍/면/동 주민센터, 주소지 관할 시군구 또는 복지로 웹사이트(PC/모바일앱)에서 ‘서비스 신청’",국민연금공단,1355,국민연금공단,http://www.nps.or.kr,9,12,5,노년
WLF00001171,아동수당 지급,보건복지부 아동복지정책과,만 8세미만 아동(0~95개월)에게 지급합니다.,"


대한민국 국적을 보유한 아동에게 지급합니다.

「국적법」에 따른 복수국적자 포함
「난민법」에 따른 난민인정자 포함
* 단, 난민인정 신청에 대한 심사진행 중인 경우 등은 제외


「주민등록법」에 따른 주민등록번호가 정상적으로 부여된 아동에게 지원합니다.

사회복지 전산관리번호(의료급여 전산관리번호) 부여 대상자 포함
「주민등록법」에 따른 거주불명자 중 실제 거주지가 확인되는 자 포함






","아동수당은 아동 1인당 월 10만원이 지급됩니다.

지자체장이 조례로 정한 경우 지역화폐로도 지급 가능
아동이 90일 이상 해외에 체류하는 경우 지급이 중단","거주지 읍/면/동 주민센터, 시군구 또는 복지로 웹사이트(PC/모바일앱)에서 ‘서비스 신청’",보건복지부 콜센터,129,보건복지부 콜센터,http://www.129.go.kr,9,12,5,"아동, 영유아, 청소년"
WLF00001181,독거노인종합지원센터운영,보건복지부 노인정책과,"지원대상 

독거노인 관련 사업의 원활한 추진을 위해 관련 전문성을 보유한 기관을 선정하여 지원합니다.","
                                   
                                   
                                   
                                   
선정기준은 지원대상의 내용을 참고해주시기 바랍니다.
                                   
                                   
","지역별 독거노인종합지원센터의 운영비를 지원합니다.
독거노인 사랑잇기사업을 지원합니다.
전화 안부 서비스, 후원물품을 지원합니다.
노인상담전화를 운영합니다.","거주지 읍/면/동 주민센터, 에서 ‘서비스 신청’",독거노인종합지원센터,1661-2129,독거노인종합지원센터,,9,12,5,노년
WLF00001183,다문화보육료지원,보건복지부 보육사업기획과,다문화가족 자녀 중 초등학교 취학전 만 0세~만 5세아를 지원합니다.,"


보호자의 소득수준에 관계없이 지원합니다.
다문화가족의 결혼이민자(인지신고 또는 귀화허가를 받은 자 포함)와 대한민국 국적을 취득한 자 사이에서 출생한 자녀는 동일세대 여부와 상관없이 지원합니다.
다음의 아동에 대해서는 예외적으로 지원할 수 있습니다.

다문화가족의 결혼이민자(인지신고 또는 귀화허가를 받은 자 포함)와 대한민국 국적을 취득한 자 사이에서 출생한 자녀가 아닌 전처 또는 전 남편과의 사이에서 출생한 자녀는 다문화 가족과 동일 세대원으로 생계를 같이 하는 경우 지원 가능
※ 단, 대한민국 국적인 아동에 한해 지원
취학대상(2014.1.1~12.31) 아동이 취학을 유예하는 경우 만 5세아 보육료 재지원 가능






","다음과 같이 지원합니다.

만 0세반: (기본보육) 484,000원 /(야간) 484,000원 /(24시) 726,000원
만 1세반: (기본보육) 426,000원 /(야간) 426,000원 /(24시) 639,000원
만 2세반: (기본보육) 353,000원 /(야간) 353,000원 /(24시) 529,500원
만 3세반: (기본보육) 260,000원 /(야간) 260,000원 /(24시) 390,000원
만 4세반: (기본보육) 260,000원 /(야간) 260,000원 /(24시) 390,000원
만 5세반: (기본보육) 260,000원 /(야간) 260,000원 /(24시) 390,000원","거주지 읍/면/동 주민센터, 에서 ‘서비스 신청’",보건복지부,,보건복지부,http://www.mohw.go.kr,9,12,5,영유아
WLF00003185,청소년치료재활센터 운영,여성가족부 청소년보호환경과,"만 9세~만 18세(만 9세 입교일 기준, 만 18세 수료일 기준)로 정서와 행동 영역에서 우울, 불안, 주의력결핍과잉행동장애(ADHD) 등의 문제로 학교생활이나 대인관계에서 어려움을 겪는 청소년과 부모를 지원합니다.","

서류심사와 심층면접, 심리검사를 통해 입교나 퇴교가 판정되며, 입퇴교판정위원회의 심사를 통해 선정합니다.



","정서행동장애 청소년 대상별로 맞춤형 치유ㆍ재활 서비스 제공을 위해 국립중앙청소년디딤센터 운영 사업비 및 인건비를 지원합니다.

장기치유과정 : 오름과정(1개월 1회, 60명), 디딤과정(4개월 2회, 120명)
단기치유과정 : 4박 5일 행복한 힐링캠프, 2박 3일 오지로 찾아가는 행복한 힐링캠프, 9박 10일 대상 특성화 캠프, 사후관리 프로그램","거주지 읍/면/동 주민센터, 에서 ‘서비스 신청’",국립중앙청소년디딤센터,031-333-1900,국립중앙청소년디딤센터,https://www.nyhc.or.kr,9,12,5,"아동, 청소년"
WLF00003187,청소년활동지원,여성가족부 청소년활동진흥과,청소년의 역량 개발을 위한 보편적 사업으로 전체 청소년을 대상으로 지원합니다.,"


청소년 어울림마당, 청소년 동아리활동 등 사업별로 지원 대상 선정기준이 다릅니다.




","지자체 청소년 어울림마당, 청소년 동아리활동을 지원합니다.
청소년활동프로그램 공모사업을 통해 다양한 청소년활동프로그램을 지원합니다.","거주지 읍/면/동 주민센터, 에서 ‘서비스 신청’",여성가족부 청소년홛동진흥과,02-2100-6249,여성가족부 청소년홛동진흥과,,9,12,5,"아동, 청년, 청소년"
WLF00003200,청소년동반자프로그램 운영,여성가족부 청소년자립지원과,만 9~24세 청소년을 대상으로 지원합니다.,"
                                   
                                   
                                   
                                   
선정기준은 지원대상의 내용을 참고해주시기 바랍니다.
                                   
                                   
","찾아가는 전문가 상담(청소년동반자)은 위기 청소년의 삶의 현장(학교, 가정 등)을 직접 찾아가 심리적정서적 지지를 제공합니다.
위기청소년의 문제유형 및 개별 특성을 고려하여 자원을 연계한 후 지속적이며 일관된 서비스를 제공합니다.
청소년동반자와 연계된 위기 청소년에게는 청소년상담복지센터, 학교밖 청소년지원센터와 지역사회 청소년통합지원체계(청소년안전망)의 종합적인 정보와 자원을 모두 활용하여 지원합니다.","거주지 읍/면/동 주민센터, 전국 청소년상담복지센터에서 ‘서비스 신청’",여성가족부 청소년자립지원과,02-2100-6275,여성가족부 청소년자립지원과,,9,12,5,"청소년, 청년, 아동"
WLF00003204,청소년사이버상담센터 운영,여성가족부 청소년자립지원과,만 9~24세 청소년을 지원합니다.,"
                                   
                                   
                                   
                                   
선정기준은 지원대상의 내용을 참고해주시기 바랍니다.
                                   
                                   
","청소년상담 1388 홈페이지(www.cyber1388.kr)를 통해 사이버채팅 상담, 게시판 상담, 웹 심리검사 등을 지원합니다.","거주지 읍/면/동 주민센터, 에서 ‘서비스 신청’","청소년상담복지센터, 한국청소년상담복지개발원",1388(또는 지역번호 1388),"청소년상담복지센터, 한국청소년상담복지개발원",한국청소년상담복지개발원(www.kyci.or.kr),9,12,5,"청소년, 아동, 청년"
WLF00003205,중장년 기술창업센터 지원,중소벤처기업부,만 40세 이상 (예비)창업자를 지원합니다.,"


만 40세 이상으로서 기술창업 분야의 (예비)창업자 및 (예비)퇴직자입니다.




","중장년 기술창업센터 지원 주관기관 운영비, 창업공간, 상담 및 자원, 커뮤니티 운영, 기술창업교육을 제공합니다.","거주지 읍/면/동 주민센터, 에서 ‘서비스 신청’",K-스타트업,1357(내선번호 3번),K-스타트업,http://www.K-startup.go.kr/,9,12,5,"노년, 중장년"
WLF00003213,인플루엔자 국가예방접종 지원사업,,"만 65세이상 어르신(1956.12.31.이전 출생자)을 지원합니다.
생후6개월~만13세 어린이(2008.1.1.~2021.8.31.출생자)를 지원합니다.

접종일 기준 생후 6개월 이상인 경우만 접종 가능합니다.





임신부는임신 여부를 확인할 수 있는 산모 수첩, 고운맘카드 등을 지참하여야합니다.","


접종대상 상세기준(출생연도)은 매년 보도자료, 인플루엔자 국가예방접종 지원사업 관리지침 등을 통해 사전 안내 및 홍보를 실시합니다.




","인플루엔자 예방접종 1회를 지원합니다.
단, 생후 6개월~만9세 미만 어린이 중 인플루엔자 예방접종을 처음하거나 이전 접종력을 모르는 경우 등은 2회 접종 지원합니다.

예방접종 일정 및 접종횟수는 해당절기 사업안내 시 별도 추가 안내하며, 예진의사와 상담하시기 바랍니다.","거주지 읍/면/동 주민센터, 시도 및 시군구에서 ‘서비스 신청’",예방접종도우미누리집,043-719-8397~8399,예방접종도우미누리집,https://nip.kdca.go.kr/,9,12,5,"노년, 아동, 영유아, 청소년"
WLF00003214,재해위로금지급,국가보훈처 복지정책과,"자연현상으로 인하여 발생한 재해나 거주하고 있는 주택의 화재로 선포된 특별재난지역의 인명 또는 재산상의 피해를 입은 독립유공자, 국가유공자, 518민주유공자, 특수임무유공자 또는 각각 대상자의 유가족 중 선순위자 1인에 한하여 지원합니다.
* 감염병으로 특별재난지역이 선포된 경우 특별재난지역 외의 지역 및 선포 이전의 동일한 사망피해에 대해서도 재해위로금 지급","


선정기준이 되는 재해유형은 다음과 같습니다.

태풍, 홍수, 호우, 강풍, 풍랑, 해일, 대설, 낙뢰, 가뭄, 지진 그 밖의 이에 준하는 자연현상으로 인하여 발생한 재해로 인하여 입은 인명 또는 재산상의 피해
직접 거주하고 있는 주택의 화재로 인하여 입은 인명 또는 재산상의 피해


보훈 대상별 기준은 다음과 같습니다.

독립유공자 또는 유가족 중 선순위자 1명
국가유공자 또는 유가족 중 선순위자 1명
보훈보상대상자 또는 유가족 중 선순위자 1명
「참전유공자 예우 및 단체설립에관한 법률」제3조 적용대상자
518민주유공자 또는 중 선순위자 1명, 특수임무유공자 또는 유가족 중 선순위자 1명






","피해 종류 및 정도에 따라 30만원~500만원을 지원합니다.

인명피해의 경우 사망(실종)은 500만원, 2주 이상 입원치료가 필요한 부상은 30만원 지급
주택피해의 경우 전파의 경우 500만원, 반파는 250만원, 침수는 50만원을 지급
공동주택피해의 경우 2,000만원 초과 피해시 100만원, 1,000만원 초과 2,000만원 이하의 피해시 50만원 지급
기타 재산피해의 경우 대규모 피해(피해액 1,000만원 초과)시 50만원, 소규모 피해(피해액 50만원초과 1,000만원 이하)시 30만원 지급
공동이용시설피해의 경우 대규모 피해(피해액 1,000만원 초과)시, 500만원, 소규모 피해(피해액 500만원 초과) 250만원 지급


단, 농작물, 과수, 수산물 등의 경작이나 양식 실패 등 재해와 직접 관련이 없는 피해, 고의로 인해 발생되거나 확대된 피해와 본채가 아닌 별채 또는 창고 등 부속건물, 빈집, 무허가 등 불법건축물, 건축중인 주택은 재해위로금을 지급하지 않습니다.","거주지 읍/면/동 주민센터, 에서 ‘서비스 신청’",국가보훈처,,국가보훈처,http://www.mpva.go.kr/,9,12,5,"청년, 노년, 중장년"
WLF00003221,보호종료아동 주거지원 통합서비스,보건복지부 아동권리과,"아동양육시설, 공동생활가정, 가정위탁 보호종료 5년 이내 아동 중 선정기준을 모두 충족하는 경우 지원합니다.





선정기준


한국토지주택공사(LH) 매입전세임대주택, 일반 월세주택(반전세 포함) 거주 중인 자(계약 완료 후 2달 이내 거주 예정인 자 포함)를 지원합니다.
재계약을 포함하여 계약 잔여기간이 최소 1년 이상인 자를 지원합니다.","
선정기준을 모두 충족하는 경우 지원합니다.








한국토지주택공사(LH) 매입전세임대주택, 일반 월세주택(반전세 포함) 거주 중인 자(계약 완료 후 2달 이내 거주 예정인 자 포함)를 지원합니다.
재계약을 포함하여 계약 잔여기간이 최소 1년 이상인 자를 지원합니다.





","주거지원은 한국토지주택공사(LH) 매입임대주택 및 전세임대주택 월 임대료를 지원합니다.
 사례관리 기간 동안 매월 15~20만원 상당 임대료 실비 지원(지역별 차등지원)
주거환경조성은 물품 유지관리, 물품지원 등(1호당 50만원)을 지원합니다.
사례관리는 개별 대상자 특성을 고려한 복지급여(서비스) 연계 및 자립지원 서비스 제공하며 대상자 1인당 매월 20만원 사례관리비를 지원합니다.","거주지 읍/면/동 주민센터, 에서 ‘서비스 신청’",아동권리보장원 자립지원부(주거지원 담당),"02-6283-0454, 0448",아동권리보장원 자립지원부(주거지원 담당),www.ncrc.or.kr,9,12,5,"청년, 청소년"
WLF00003235,입양아동 양육수당 지원,보건복지부 아동복지정책과,입양특례법상 허가를 받은 입양기관을 통해서 법에서 정한 요건과 절차를 갖추어 국내에 입양한 가정에 지원합니다.,"


입양특례법의 요건과 절차를 갖추어 입양한 입양아동이 만 18세가 될 때까지 지원합니다.

만 18세가 될 때까지 지원하고, 중지일(생일)이 속하는 달의 급여는 전액 지급
장애아동 양육보조금과 동시 지급 가능


민법에 의한 입양아동 및 해외이주 신고로 주민등록이 말소된 자는 지원대상에서 제외됩니다.




",월 15만원의 양육수당을 지급합니다.,"거주지 읍/면/동 주민센터, 에서 ‘서비스 신청’",보건복지부 콜센터,129,보건복지부 콜센터,http://www.129.go.kr,9,12,5,"아동, 청소년, 영유아"
WLF00003236,청소년전화1388 및 모바일문자상담 운영,여성가족부 청소년자립지원과,만 9~24세 청소년을 지원합니다.,"
                                   
                                   
                                   
                                   
선정기준은 지원대상의 내용을 참고해주시기 바랍니다.
                                   
                                   
","다음과 같은 서비스를 제공합니다.

전화상담 제공: 지역번호 + 1388
휴대전화 문자상담 제공: #1388로 문자 발송
카카오톡 상담 제공: 카카오톡 플러스친구에서 #1388과 친구맺기 후 카카오톡으로 메시지 전송
청소년상담 1388 홈페이지(www.cyber1388.kr)에서 사이버채팅상담 제공
청소년상담복지센터의 내방 상담 및 지역자원연계 서비스 제공","거주지 읍/면/동 주민센터, 에서 ‘서비스 신청’","청소년상담복지센터, 한국청소년상담복지개발원",1388(또는 지역번호 1388),"청소년상담복지센터, 한국청소년상담복지개발원",한국청소년상담복지개발원(www.kyci.or.kr),9,12,5,"청년, 아동, 청소년"
WLF00003241,노후긴급자금 대부사업,보건복지부 국민연금정책과,"지원대상 및 선정기준


만 60세 이상의 국민연금 수급자를 지원합니다.

실 소요액으로 연간 연금수령액의 2배 이내(최고 1,000만원)","



만 60세 이상의 국민연금 수급자를 지원합니다.

실 소요액으로 연간 연금수령액의 2배 이내(최고 1,000만원)






","의료비, 배우자 장제비, 전·월세 보증금, 재해복구비 용도의 긴급생활자금을 1천만원 이내로 빌려줍니다.","거주지 읍/면/동 주민센터, 에서 ‘서비스 신청’",국민연금공단,1355,국민연금공단,http://www.nps.or.kr,9,12,5,"중장년, 노년"
WLF00003242,어린이 국가예방접종 지원사업,,"만 12세 이하 어린이에게 지원합니다.

2021년 기준, 2008년 1월 1일 이후 출생자","
                                   
                                   
                                   
                                   
선정기준은 지원대상의 내용을 참고해주시기 바랍니다.
                                   
                                   
","주소지와 상관없이 보건소 및 지정 의료기관에서 받은 국가예방접종 비용(백신비 및 예방접종 시행비용) 전액을 무료로 지원합니다.
2021년 지원대상 백신(16종)은 다음과 같습니다.

결핵(BCG, 피내용), B형간염(HepB), 디프테리아/파상풍/백일해(DTaP), 파상풍/디프테리아(Td), 파상풍/디프테리아/백일해(Tdap), 폴리오(IPV), 디프테리아/파상풍/백일해/폴리오(DTaP-IPV), 디프테리아/파상풍/백일해/폴리오/b형헤모필루스인플루엔자(DTaP-IPV/Hib), b형헤모필루스인플루엔자(Hib), 폐렴구균(PCV), 홍역/유행성이하선염/풍진(MMR), 수두(VAR), 일본뇌염 불활성화 백신(IJEV), 일본뇌염 약독화 생백신(LJEV), A형간염(HepA), 사람유두종바이러스(HPV)


지원 미대상 백신은 다음과 같으며, 비용은 본인이 전액 부담합니다.

결핵 경피용 백신, 로타바이러스 백신 등


아래와 같은 내용도 지원합니다.

예방접종도우미 누리집에서 무료 예방접종증명서 발급(국문 및 영문) 가능
문자수신 동의자에 한하여 다음 예방접종 사전알림 및 누락접종 안내 문자서비스를 지원
* 만약, 다국어 문자서비스를 희망할 경우 접종기관에 휴대전화번호 및 희망언어를 등록 요청해야 합","거주지 읍/면/동 주민센터, 시도 및 시군구에서 ‘서비스 신청’",질병관리청 1339 콜센터,국번없이 1339,질병관리청 1339 콜센터,https://kdca.go.kr,9,12,5,"아동, 영유아, 청소년"
WLF00003245,국민취업지원제도,고용노동부,"저소득 구직자, 청년, 경력단절여성 등 취업 취약계층을지원합니다.","


Ⅰ유형, Ⅱ유형으로 나뉘어져 유형별 아래의 선정기준을 따릅니다.

Ⅰ유형
 ① 요건심사형: 15~69세 구직자 중 중위소득 50%이하,가구단위 재산 3억 이하이며 취업 경험이 있는 사람
 ② 선발형
  -청년층: 기준중위소득 50% 초과~100%이하, 가구단위 재산 3억이하의18~34세 구직자
  -비경제활동인구: 기준중위소득 50%이하, 가구단위 재산 3억이하의 15~69세 구직자
Ⅱ유형: Ⅰ유형에 해당되지 않는 기준 중위소득 100% 이하의 구직자
* 청년의 경우 소득요건 없음






","취업지원서비스는 다음과 같은 내용을 지원합니다.

취업의욕 고취를 위한 각종 심리취업진로상담
직업훈련, 창업지원 및 그 밖의 일경험 프로그램
고용복지 연계 프로그램
취업 시 취업성공수당 지급, 미취업시 취업정보 제공 등


수당지원은 유형에 따라 다음과 같은 내용을 지원합니다.

Ⅰ유형: 300만원의 구직촉진수당 지급(50만원*6개월)
Ⅱ유형: 취업활동비용 15~195.4만원*
* 1단계 참여수당 15~25만원, 직업훈련 참여 시 최대 195.4만원 지원(월 28.4만원*6개월)","거주지 읍/면/동 주민센터, 거주지 관할 고용센터에서 ‘서비스 신청’",고용노동부 고객상담센터,1350,고용노동부 고객상담센터,http://www.moel.go.kr/,9,12,5,"청소년, 청년, 중장년, 노년"
WLF00003246,청소년산모 임신·출산 의료비 지원,보건복지부 출산정책과,임신확인서로 임신이 확인된 만 19세 이하의 청소년산모에게 지원합니다.,"


만 19세 이하 산모로 청소년산모 임신 출산 의료비 지원 신청했을 경우 지원합니다.
* 임신확인서 상 임신확인일 기준으로 만19세 이하까지





",임신 1회당 의료비를 120만원 이내로 지원합니다.,"거주지 읍/면/동 주민센터, 사회보장정보원(국가바우처 운영관리시스템)에서 ‘서비스 신청’",사회서비스바우처,,사회서비스바우처,http://www.socialservice.or.kr,9,12,5,"임신 · 출산, 청소년, 아동"
WLF00003250,만0-5세 보육료지원사업,보건복지부 보육사업기획과,"어린이집을 이용하는 만 0~5세 아동의 보육료를 지원합니다.
2021년 만 0세에서 5세아동의 연령구분은 다음과 같습니다.(22년 2월까지 적용)

만 0세 : 20. 01. 01. 이후 출생 아동
만 1세 : 19. 01. 01. ~ 19. 12. 31.까지의 출생 아동
만 2세 : 18. 01. 01. ~ 18. 12. 31.까지의 출생 아동
만 3세 : 17. 01. 01. ~ 17. 12. 31.까지의 출생아동
만 4세 : 16. 01. 01. ~ 16. 12. 31.까지의 출생 아동
만 5세 : 15. 01. 01. ~ 15. 12. 31.까지의 출생 아동(취학유예아동인 경우 14. 1. 1. ~ 14. 12. 31.)
취학아동(방과후보육료) : 14. 01. 01. ~ 08. 12. 31.까지의 출생 아동


단, 유치원과 어린이집 등에서 누리과정을 제공 받는 유아에 대한 무상보육기간은 3년을 초과할 수 없습니다.","


지자체에 보육료 지원을 신청한 날부터 지원. 단, 양육수당에서 보육료로 변경 신청한 경우에는, 15일 이전에 신청하면 신청일부터 해당 월 보육료를 지원, 16일 이후에는 익월 1일부터 지원합니다.

보육서비스(보육료, 양육수당, 유아학비, 아이돌봄)간 변경 기준이 상이하므로 상세한 사항은 보건복지상담센터(129)또는 지자체에 문의


보육료는 신청일부터 지원 가능하므로 어린이집 이용 전 사전 신청이 필요합니다.

보육료 신청보다 어린이집에 먼저 입소한 경우 보육료 신청일 기준 지원






","만0세반~만2세반은 2021년에 아래와 같이 지원합니다.

만0세반 : (기본보육) 484,000원 / (야간) 484,000원 / (24시) 726,000원
만1세반 : (기본보육) 426,000원 / (야간) 426,000원 / (24시) 639,000원
만2세반 : (기본보육) 353,000원 / (야간) 353,000원 / (24시) 529,500원


만3세반~만5세반은 2021년 2월까지 아래와 같이 지원합니다.

만3세반 : (기본보육) 240,000원 / (야간) 240,000원 / (24시) 360,000원
만4세반 : (기본보육) 240,000원 / (야간) 240,000원 / (24시) 360,000원
만5세반 : (기본보육) 240,000원 / (야간) 240,000원 / (24시) 360,000원


만3세반~만5세반은 2021년 3월부터 아래와 같이 지원합니다.

만3세반 : (기본보육) 260,000원 / (야간) 260,000원 / (24시) 390,000원
만4세반 : (기본보육) 260,000원 / (야간) 260,000원 / (24시) 390,000원
만5세반 : (기본보육) 260,000원 / (야간) 260,000원 / (24시) 390,000원","거주지 읍/면/동 주민센터,  또는 복지로 웹사이트(PC/모바일앱)에서 ‘서비스 신청’",보건복지부 콜센터,129,보건복지부 콜센터,http://www.129.go.kr,9,12,5,영유아
WLF00003252,노인보호전문기관,보건복지부 노인정책과,"학대피해노인 및 가족, 학대행위자를 지원합니다.","
                                   
                                   
                                   
                                   
선정기준은 지원대상의 내용을 참고해주시기 바랍니다.
                                   
                                   
","노인학대 신고접수 및 학대 받는 노인에게 일시보호, 법률지원, 전문 상담 등의 서비스를 제공하고, 노인학대 예방 홍보와 교육 실시를 통한 노인인식 개선 및 권익보호를 지원합니다.","거주지 읍/면/동 주민센터, 에서 ‘서비스 신청’",노인보호전문기관,1577-1389,노인보호전문기관,,9,12,5,노년
WLF00003254,청소년방과후아카데미운영지원,여성가족부 청소년활동진흥과,방과 후 돌봄이 필요한 취약계층 청소년(초4~중3)을 대상으로 합니다.,"


우선순위 지원기준은 다음과 같습니다.

기초생활수급자차상위계층, 한부모조손다문화장애맞벌이2자녀 이상 가정등 방과후 돌봄이 필요한 청소년


기타 지원기준은 다음과 같습니다.

학교(교장 및 교사),지역사회(주민센터 동장 및 사회복지사 등)의 추천서와 추천내용 증빙자료를 기준으로 『청소년방과후아카데미 지원협의회』에서 승인받은 청소년






","방과 후 돌봄이 필요한 청소년에게 체험활동, 학습지원, 급식, 상담 등 종합서비스를 제공하며,다음과 같은 활동을 합니다.

청소년 체험활동, 기초학습 지원활동, 급식 및 상담, 부모교육 및 캠프 등 특별 활동, 귀가 지도
방과 후부터 1일 4시간 이상 연중 운영","거주지 읍/면/동 주민센터, 에서 ‘서비스 신청’",청소년방과후아카데미운영지원단,02-330-2831~3,청소년방과후아카데미운영지원단,(www.youth.go.kr/yaca,9,12,5,"청소년, 청년, 아동"
WLF00003263,WEE 클래스 상담지원,교육부 학교생활문화과,"초중고 학교 재학생 중 학교 부적응 학생 및 위기학생, 일반학생이 지원대상입니다.","


초중고 학교 재학생 중 상담 및 교육활동이 필요한 학생을 지원합니다.

학교폭력 피가해, 대인관계 어려움, 미디어 중독, 학업 스트레스 등






",상담 및 치유 프로그램을 제공합니다.,"거주지 읍/면/동 주민센터, 에서 ‘서비스 신청’",학생안전통합시스템,"043)5309-182,184",학생안전통합시스템,www.wee.go.kr,9,12,5,"청소년, 아동"
WLF00003277,취업 후상환 학자금대출,교육부 대학재정장학과,"지원대상 


국내의 대학(대학원 제외)에 재학 중이거나, 입학예정인 대한민국 국민에게 지원합니다.","


대출 신청일 현재 만 35세 이하인 기초생활수급자 및 학자금지원 8구간 이하 국내 고등교육기관 학부생을 지원합니다.
다자녀(3자녀 이상)가구 학부생의 경우 학자금지원 관계없이 취업 후 상환 학자금대출 이용 가능합니다.

전문대학 계약학과(채용조건형) 및 선취업 후진학자* 또는 중소기업 재직자*는 만45세 이하까지 취업 후 상환 학자금 대출 허용
*아래의 어느 하나의 학위과정에 입학 또는 재학 중인 학부생으로서 1) 현재 재직 중인 선취업 후진학자 또는 2) 중소기업 재직자는 만 45세까지 취업 후 상환 학자금 대출 허용
- 학위과정명: ① 평생교육체제 지원사업 선정대학, ②평생직업교육대학, ③재직자 특별전형과정, ④학사학위 전공심화과정


직전학기 성적 70/100점(C학점) 이상 학생에게 지원합니다.

신입생군, 장애인의 경우는 제외입니다.


직전학기 소속 대학 최소이수학점 또는 12학점 이상 이수한 학생을 지원합니다.

신입생군, 장애인, 대학원생, 졸업학년 학부생인 경우 이수학점 기준 적용 제외입니다.






","취업후 상환 학자금 대출 규모와 이자는 다음과 같습니다.

등록금 대출 규모
- 등록금 소요액 전액(한도 없음)
생활비 대출 규모
- 최대 대출 금액: 학기당 최대 150만 원(생활비 한도 내에서 4회까지 분할 대출 허용)
대출금리: 연 1.7% (변동금리, 2021학년도 1학기 기준)
기초생활수급자, 차상위계층, 학자금지원 4구간 이하자는 취업 후 상환 생활비대출에 한하여 의무상환 개시 전까지 무이자(단, 생활비대출 실행시점에 취업 후 상환 학자금대출 잔액을 보유한 자 중 과거 의무상환 개시 이력이 있는 자는 무이자 대상에서 제외)
대출기간 : 소득금액이 상환기준소득금액(21년 기준 연소득 2,280만원) 이하일 경우 원리금 상환 유예, 초과 시 의무상환 개시","거주지 읍/면/동 주민센터, 한국장학재단에서 ‘서비스 신청’",한국장학재단 고객센터,1599-2000,한국장학재단 고객센터,https://www.kosaf.go.kr,9,12,5,"청년, 중장년, 노년"
WLF00003280,전립선등 노인성질환 예방관리,보건복지부 건강정책과,지역 보건소 및 전립선 관리 환경이 취약한 도서벽지등에 거주하는 55세 이상 남성 중 전립선 비대 의심자를 지원합니다.,"
                                   
                                   
                                   
                                   
선정기준은 지원대상의 내용을 참고해주시기 바랍니다.
                                   
                                   
","보건소와 노인복지관을 대상으로 전립선 관리 교육을 실시합니다.
도서지역에 거주하고 있는 55세 이상 남성을 대상으로 전립선 무료검진 등을 지원합니다.","거주지 읍/면/동 주민센터, 에서 ‘서비스 신청’",한국전립선관리협회,02-534-2214,한국전립선관리협회,,9,12,5,"중장년, 노년"
WLF00003282,다문화가족 자녀 언어발달지원서비스,여성가족부,"지원대상 및 선정기준


언어평가 및 언어교육이 필요한 만12세 이하의 다문화가정의 자녀가 대상입니다.
※ 초등학교 재학 중인 경우, 12세를 초과하여도 대상에 포함
아래의 대상을 우선선정합니다.

국민기초생활보장 수급자, 기준 중위소득 52% 이하인 가정
한부모가정, 조손가정, 맞벌이가정, 다자녀가정(3자녀 이상), 가구원에 장애가 있거나 요양이 필요한 질병이 있는 경우
섬벽지 지역 거주가정
위 우선지원 기준을 초과하더라도 시군구청장이 필요하다고 판단되는 경우(예 : 휴폐업한 영세영업자, 실직된 임시일용직 등 저소득 무직가구 등에 대하여 우선 선정 가능)","



언어평가 및 언어교육이 필요한 만12세 이하의 다문화가정의 자녀가 대상입니다.
※ 초등학교 재학 중인 경우, 12세를 초과하여도 대상에 포함
아래의 대상을 우선선정합니다.

국민기초생활보장 수급자, 기준 중위소득 52% 이하인 가정
한부모가정, 조손가정, 맞벌이가정, 다자녀가정(3자녀 이상), 가구원에 장애가 있거나 요양이 필요한 질병이 있는 경우
섬벽지 지역 거주가정
위 우선지원 기준을 초과하더라도 시군구청장이 필요하다고 판단되는 경우(예 : 휴폐업한 영세영업자, 실직된 임시일용직 등 저소득 무직가구 등에 대하여 우선 선정 가능)






","다문화가족 자녀 언어평가, 다문화가족 자녀 언어교육, 부모상담 및 교육을 지원합니다.

대상 아동에게 적합한 평가도구를 활용하여 아동의 언어발달정도를 평가
언어발달 평가 결과 교육이 필요한 아동을 대상으로 어휘구문 발달 촉진, 대화사회적 의사소통 능력 향상, 읽기 및 이야기하기 등의 발달 촉진을 위한 언어교육 실시
대상 아동 부모와의 공감대 형성을 위한 부모상담 및 자녀의 언어발달을 지원하기 위한 부모교육","거주지 읍/면/동 주민센터, 에서 ‘서비스 신청’",다누리콜센터,1577-1366,다누리콜센터,http://www.liveinkorea.kr/,9,12,5,"아동, 영유아, 청소년"
