,아이디,전국,광주,전국구,광주구,광주 광산구,광주 남구,광주 동구,광주 북구,광주 서구,아동,청소년,청년,중장년,노년,학생,무직,창업,농어업인,중소기업,일반,자녀여부 있음,자녀여부 없음,무주택자,임산부,미취학,다문화/탈북민,다자녀,보훈대상자/국가유공자,장애인,저소득,한부모/조손,신용불량자,독거노인,취약계층,해당없음,일자리,주거,일상생활,신체건강 및 보건의료,정신건강 및 심리정서,사업목적해당없음,안전 및 권익보장,문화 및 여가,보육 및 교육,보호 및 돌봄/요양,clustering
0,1,전국,광주광역시,전국구,@,광산구,@,@,@,@,아동,청소년,청년,중장년,노년,@,@,@,@,@,일반,@,자녀없음/상관없음,무주택자,@,@,@,@,@,장애인,@,@,@,독거노인,취약계층,@,@,주거,@,@,@,@,@,@,@,@,0
1,2,전국,광주광역시,전국구,@,광산구,@,@,@,@,@,@,청년,@,@,@,@,@,@,중소기업,@,@,자녀없음/상관없음,@,@,@,@,@,@,@,@,@,@,@,@,해당없음,일자리,@,@,@,@,@,@,@,@,@,0
2,3,전국,광주광역시,전국구,@,광산구,@,@,@,@,아동,청소년,청년,중장년,노년,@,@,@,@,@,일반,@,자녀없음/상관없음,무주택자,@,@,@,@,@,@,@,@,@,@,취약계층,@,@,@,@,@,@,@,안전/권익보장,@,@,@,1
3,4,전국,광주광역시,전국구,@,광산구,@,@,@,@,아동,청소년,청년,중장년,노년,@,@,@,@,@,일반,@,자녀없음/상관없음,@,@,@,@,@,보훈대상자/국가유공자,@,@,@,@,@,@,@,@,@,@,@,@,@,@,문화/여가,@,@,12
4,5,전국,광주광역시,전국구,@,광산구,@,@,@,@,아동,청소년,청년,중장년,노년,@,@,@,@,@,일반,@,자녀없음/상관없음,@,@,@,@,@,보훈대상자/국가유공자,@,@,@,@,@,@,@,@,@,@,@,정신건강/심리정서,@,@,@,@,@,12
5,6,전국,광주광역시,전국구,@,광산구,@,@,@,@,아동,청소년,청년,중장년,노년,@,@,@,@,@,일반,자녀있음,@,@,@,@,@,다자녀,@,@,@,@,@,@,@,@,@,@,@,@,@,@,@,@,보육/교육,@,0
6,7,전국,광주광역시,전국구,@,@,남구,@,@,@,@,@,@,중장년,노년,@,무직,@,@,@,@,@,자녀없음/상관없음,무주택자,@,@,@,@,@,@,@,@,@,@,취약계층,@,@,@,@,@,@,@,안전/권익보장,@,@,보호/돌봄/요양,0
7,8,전국,광주광역시,전국구,@,@,남구,@,@,@,아동,@,@,@,@,학생,@,@,@,@,@,@,자녀없음/상관없음,@,@,미취학,@,@,@,장애인,저소득층,@,@,@,@,@,@,@,@,@,@,@,@,@,보육/교육,@,18
8,9,전국,광주광역시,전국구,@,@,남구,@,@,@,@,@,@,@,노년,@,@,@,@,@,일반,@,자녀없음/상관없음,@,@,@,@,@,@,@,@,@,@,독거노인,@,해당없음,@,@,@,@,@,@,@,@,@,보호/돌봄/요양,8
9,10,전국,광주광역시,전국구,@,@,남구,@,@,@,@,@,청년,중장년,@,@,@,@,@,@,일반,자녀있음,@,@,임산부,@,@,다자녀,@,@,@,@,@,@,@,@,@,@,일상생활,@,@,@,@,@,보육/교육,@,13
10,11,전국,광주광역시,전국구,@,@,남구,@,@,@,@,@,청년,중장년,@,@,@,@,@,@,일반,@,자녀없음/상관없음,@,@,@,다문화/탈북민,@,@,@,@,@,@,@,@,@,@,@,일상생활,@,@,@,@,문화/여가,@,@,5
11,12,전국,광주광역시,전국구,@,@,@,동구,@,@,아동,@,@,@,@,학생,@,@,@,@,@,@,자녀없음/상관없음,@,@,미취학,@,다자녀,@,@,저소득층,한부모/조손,@,@,@,@,@,@,@,@,@,@,@,@,보육/교육,@,18
12,13,전국,광주광역시,전국구,@,@,@,동구,@,@,아동,@,@,@,@,학생,@,@,@,@,일반,@,자녀없음/상관없음,@,@,미취학,@,@,@,@,저소득층,@,@,@,@,@,@,@,@,신체건강/보건의료,@,@,@,@,@,@,14
13,14,전국,광주광역시,전국구,@,@,@,동구,@,@,아동,청소년,청년,중장년,노년,@,무직,@,@,@,일반,@,자녀없음/상관없음,@,@,@,@,@,@,@,@,@,@,@,취약계층,@,@,@,@,@,@,@,@,@,@,보호/돌봄/요양,0
14,15,전국,광주광역시,전국구,@,@,@,동구,@,@,아동,청소년,청년,중장년,노년,@,@,@,@,@,일반,자녀있음,@,@,@,@,@,다자녀,@,@,@,@,@,@,@,@,@,@,일상생활,@,@,@,@,@,@,@,13
15,16,전국,광주광역시,전국구,@,@,@,동구,@,@,아동,청소년,청년,중장년,노년,@,@,@,@,@,일반,@,자녀없음/상관없음,@,@,@,@,@,@,장애인,저소득층,@,@,@,@,@,@,@,일상생활,@,@,@,안전/권익보장,@,@,@,11
16,17,전국,광주광역시,전국구,@,@,@,동구,@,@,@,@,@,@,@,@,@,@,@,@,일반,자녀있음,@,@,@,@,@,@,@,@,저소득층,@,@,@,@,@,@,@,일상생활,@,@,@,@,@,@,@,3
17,18,전국,광주광역시,전국구,@,@,@,동구,@,@,@,@,@,@,노년,@,@,@,@,@,일반,@,자녀없음/상관없음,@,@,@,@,@,보훈대상자/국가유공자,@,@,@,@,독거노인,@,@,@,@,@,@,@,@,안전/권익보장,@,@,@,0
18,19,전국,광주광역시,전국구,@,@,@,동구,@,@,아동,청소년,청년,중장년,노년,@,@,@,@,@,일반,@,자녀없음/상관없음,@,@,미취학,@,@,@,장애인,@,@,@,@,취약계층,@,@,@,일상생활,@,@,@,@,@,@,보호/돌봄/요양,3
19,20,전국,광주광역시,전국구,@,@,@,동구,@,@,아동,청소년,청년,중장년,노년,@,@,@,@,@,일반,@,자녀없음/상관없음,@,@,@,@,@,@,@,저소득층,@,@,@,@,@,@,@,일상생활,@,@,@,@,@,@,@,3
20,21,전국,광주광역시,전국구,@,@,@,동구,@,@,아동,청소년,청년,중장년,노년,@,@,@,@,@,일반,@,자녀없음/상관없음,@,@,@,다문화/탈북민,@,@,@,@,@,@,@,@,@,@,@,일상생활,@,@,@,@,@,@,@,5
21,22,전국,광주광역시,전국구,@,@,@,@,북구,@,아동,청소년,청년,중장년,노년,@,@,@,@,@,일반,자녀있음,@,@,임산부,@,@,@,@,@,@,@,@,@,@,해당없음,@,@,@,신체건강/보건의료,@,@,@,@,@,@,13
22,23,전국,광주광역시,전국구,@,@,@,@,북구,@,아동,청소년,청년,중장년,노년,@,@,@,@,@,일반,자녀있음,@,@,임산부,@,@,@,@,@,@,@,@,@,@,해당없음,@,주거,@,@,@,@,@,문화/여가,@,@,13
23,24,전국,광주광역시,전국구,@,@,@,@,북구,@,아동,청소년,청년,중장년,노년,@,@,@,@,@,일반,자녀있음,@,@,임산부,@,@,@,@,@,@,@,@,@,@,해당없음,@,@,@,@,@,@,@,@,@,@,18
24,25,전국,광주광역시,전국구,@,@,@,@,북구,@,@,@,@,@,노년,@,@,@,@,@,일반,@,자녀없음/상관없음,@,@,@,@,@,보훈대상자/국가유공자,@,@,@,@,@,@,@,@,@,@,@,@,사업목적해당없음,@,@,@,@,12
25,26,전국,광주광역시,전국구,@,@,@,@,북구,@,아동,청소년,청년,중장년,노년,@,@,@,@,@,일반,@,자녀없음/상관없음,@,@,@,@,@,@,@,@,@,@,@,@,해당없음,@,@,@,신체건강/보건의료,@,@,@,@,@,@,14
26,27,전국,광주광역시,전국구,@,@,@,@,북구,@,아동,@,@,@,@,@,@,@,@,@,일반,@,자녀없음/상관없음,@,@,미취학,@,@,@,@,@,@,@,@,@,해당없음,@,@,@,신체건강/보건의료,@,@,@,@,보육/교육,@,18
27,28,전국,광주광역시,전국구,@,@,@,@,북구,@,아동,청소년,청년,중장년,노년,@,@,@,@,@,일반,@,자녀없음/상관없음,무주택자,@,@,@,@,@,장애인,저소득층,@,@,@,@,@,@,@,@,@,@,사업목적해당없음,@,@,보육/교육,@,16
28,29,전국,광주광역시,전국구,@,@,@,@,북구,@,아동,청소년,청년,중장년,노년,@,@,@,@,@,일반,@,자녀없음/상관없음,무주택자,@,@,@,@,@,@,@,@,@,@,@,@,@,@,@,@,@,@,@,@,보육/교육,@,18
29,30,전국,광주광역시,전국구,@,@,@,@,@,서구,@,@,@,중장년,노년,@,@,@,@,@,일반,자녀있음,@,@,@,@,@,@,@,@,@,@,@,@,@,해당없음,@,@,@,@,@,@,@,@,@,보호/돌봄/요양,8
30,31,전국,광주광역시,전국구,@,@,@,@,@,서구,@,@,청년,@,@,@,@,@,@,@,일반,자녀있음,@,@,임산부,@,@,@,@,@,@,@,@,@,@,@,@,@,일상생활,@,@,@,@,@,@,@,13
31,32,전국,광주광역시,전국구,@,@,@,@,@,서구,@,@,청년,중장년,노년,@,@,@,@,@,일반,@,자녀없음/상관없음,@,@,@,@,@,@,장애인,@,@,@,@,@,@,@,@,일상생활,@,@,@,@,@,@,@,9
32,33,전국,광주광역시,전국구,@,@,@,@,@,서구,@,@,청년,중장년,노년,@,@,@,@,@,일반,@,자녀없음/상관없음,@,@,@,@,@,@,@,저소득층,@,@,@,취약계층,@,@,@,일상생활,@,@,@,@,@,@,@,0
33,34,전국,광주광역시,전국구,@,@,@,@,@,서구,아동,청소년,@,@,@,학생,@,@,@,@,@,@,자녀없음/상관없음,@,@,미취학,@,@,@,@,@,한부모/조손,@,@,@,@,@,@,일상생활,@,@,@,@,@,@,@,18
34,35,전국,광주광역시,전국구,@,@,@,@,@,서구,@,@,청년,중장년,노년,@,@,@,@,@,일반,@,자녀없음/상관없음,@,@,@,@,@,@,@,저소득층,@,@,독거노인,취약계층,@,@,@,@,@,@,@,@,@,@,보호/돌봄/요양,0
35,36,전국,광주광역시,전국구,@,@,@,@,@,서구,@,@,청년,@,@,@,@,@,@,@,일반,자녀있음,@,@,@,@,@,@,@,장애인,@,@,@,@,@,@,@,@,@,신체건강/보건의료,@,@,@,@,@,@,13
36,37,전국,광주광역시,전국구,@,@,@,@,@,서구,@,@,청년,@,@,@,@,@,@,@,일반,자녀있음,@,@,임산부,@,@,다자녀,@,@,저소득층,한부모/조손,@,@,취약계층,@,@,@,일상생활,@,@,@,@,@,@,@,0
37,38,전국,광주광역시,전국구,전체,@,@,@,@,@,@,@,@,@,노년,@,@,@,@,@,일반,@,자녀없음/상관없음,@,@,@,@,@,@,@,저소득층,@,@,독거노인,@,@,@,@,일상생활,@,@,@,@,@,@,@,0
38,39,전국,광주광역시,전국구,전체,@,@,@,@,@,@,@,@,@,@,@,@,@,@,@,일반,자녀있음,@,@,임산부,@,@,다자녀,@,@,@,@,@,@,@,@,@,@,@,@,@,@,@,@,보육/교육,@,13
39,40,전국,광주광역시,전국구,전체,@,@,@,@,@,@,@,@,@,@,@,@,@,@,@,일반,자녀있음,@,@,임산부,@,@,다자녀,@,@,@,@,@,@,@,@,@,@,@,@,@,@,@,@,보육/교육,@,13
40,41,전국,광주광역시,전국구,전체,@,@,@,@,@,아동,청소년,@,@,@,학생,@,@,@,@,@,@,자녀없음/상관없음,@,@,미취학,@,@,@,@,@,한부모/조손,@,@,@,@,@,@,@,@,@,@,@,@,@,보호/돌봄/요양,18
41,42,전국,광주광역시,전국구,전체,@,@,@,@,@,@,@,청년,중장년,@,@,@,@,@,@,일반,@,자녀없음/상관없음,@,@,@,@,@,@,@,@,@,@,@,@,해당없음,@,주거,@,@,@,@,@,@,@,@,16
42,43,전국,광주광역시,전국구,전체,@,@,@,@,@,@,@,청년,중장년,@,@,@,@,@,@,일반,@,자녀없음/상관없음,@,@,@,@,@,@,@,@,@,@,@,@,해당없음,@,@,@,신체건강/보건의료,@,@,@,@,@,@,14
43,44,전국,광주광역시,전국구,전체,@,@,@,@,@,@,청소년,청년,중장년,노년,@,@,@,@,@,일반,@,자녀없음/상관없음,@,@,@,@,@,@,@,저소득층,@,@,@,@,@,@,@,일상생활,@,@,@,안전/권익보장,@,@,@,0
44,45,전국,광주광역시,전국구,전체,@,@,@,@,@,아동,@,@,@,@,@,@,@,@,@,일반,@,자녀없음/상관없음,@,@,미취학,@,@,@,@,@,@,@,@,@,@,@,@,@,@,@,@,@,@,보육/교육,@,18
45,46,전국,광주광역시,전국구,전체,@,@,@,@,@,아동,청소년,청년,중장년,노년,@,@,@,@,@,일반,@,자녀없음/상관없음,@,@,@,@,@,@,장애인,@,@,@,@,@,@,@,@,일상생활,@,@,@,@,@,@,보호/돌봄/요양,11
46,47,전국,광주광역시,전국구,전체,@,@,@,@,@,아동,청소년,청년,중장년,노년,@,@,@,@,@,일반,@,자녀없음/상관없음,@,@,@,@,@,@,@,저소득층,@,@,@,@,@,@,@,@,신체건강/보건의료,@,@,@,@,@,@,2
47,48,전국,광주광역시,전국구,전체,@,@,@,@,@,아동,청소년,청년,중장년,노년,@,@,@,@,@,일반,@,자녀없음/상관없음,@,@,@,@,@,보훈대상자/국가유공자,@,@,@,@,@,@,@,@,@,@,@,@,@,안전/권익보장,@,@,@,12
48,49,전국,광주광역시,전국구,전체,@,@,@,@,@,아동,@,@,@,@,@,@,@,@,@,일반,@,자녀없음/상관없음,@,@,@,@,@,@,@,@,한부모/조손,@,@,@,해당없음,@,@,@,@,@,@,@,@,보육/교육,보호/돌봄/요양,19
49,50,전국,광주광역시,전국구,전체,@,@,@,@,@,아동,청소년,청년,중장년,노년,@,@,@,@,@,일반,@,자녀없음/상관없음,@,@,@,@,@,보훈대상자/국가유공자,@,@,@,@,@,@,@,@,@,일상생활,@,@,@,@,@,@,@,12
50,51,전국,광주광역시,전국구,전체,@,@,@,@,@,아동,청소년,청년,중장년,노년,@,@,@,@,@,일반,@,자녀없음/상관없음,@,@,@,@,@,@,장애인,저소득층,@,@,@,@,@,@,@,일상생활,@,@,@,안전/권익보장,@,@,보호/돌봄/요양,0
51,52,전국,광주광역시,전국구,전체,@,@,@,@,@,@,@,@,중장년,노년,@,@,@,@,@,일반,@,자녀없음/상관없음,@,@,@,@,@,@,@,저소득층,@,@,독거노인,@,@,@,@,일상생활,신체건강/보건의료,@,@,안전/권익보장,@,@,보호/돌봄/요양,0
52,53,전국,광주광역시,전국구,전체,@,@,@,@,@,아동,청소년,청년,중장년,노년,@,@,@,@,@,일반,@,자녀없음/상관없음,@,@,@,@,@,@,장애인,@,@,@,@,@,@,@,@,일상생활,@,@,@,@,@,@,@,3
53,54,전국,광주광역시,전국구,전체,@,@,@,@,@,아동,청소년,@,@,@,학생,@,@,@,@,일반,@,자녀없음/상관없음,@,@,@,@,@,@,@,@,한부모/조손,@,@,@,해당없음,@,@,@,@,@,@,@,@,보육/교육,보호/돌봄/요양,18
54,55,전국,광주광역시,전국구,전체,@,@,@,@,@,@,@,청년,중장년,노년,@,@,@,@,@,일반,@,자녀없음/상관없음,@,@,@,@,@,@,@,저소득층,@,@,@,@,@,@,@,일상생활,@,@,@,@,@,@,@,1
55,56,전국,광주광역시,전국구,전체,@,@,@,@,@,@,@,청년,중장년,@,@,@,@,@,@,일반,자녀있음,@,@,임산부,미취학,@,@,@,@,@,@,@,@,@,해당없음,@,@,@,신체건강/보건의료,@,@,@,@,@,@,19
56,57,전국,광주광역시,전국구,전체,@,@,@,@,@,아동,청소년,청년,중장년,노년,@,@,@,@,@,일반,@,자녀없음/상관없음,@,@,@,@,@,보훈대상자/국가유공자,@,@,@,@,@,@,@,@,@,일상생활,신체건강/보건의료,@,@,@,@,@,@,14
57,58,전국,광주광역시,전국구,전체,@,@,@,@,@,@,청소년,청년,중장년,@,학생,무직,@,@,@,@,@,자녀없음/상관없음,@,@,@,@,@,@,@,@,@,@,@,@,해당없음,일자리,@,일상생활,@,@,@,@,@,@,@,11
58,59,전국,광주광역시,전국구,전체,@,@,@,@,@,@,@,@,중장년,노년,@,@,@,@,@,일반,@,자녀없음/상관없음,@,@,@,@,@,@,@,@,@,@,독거노인,@,해당없음,@,@,일상생활,@,@,@,안전/권익보장,@,@,@,0
59,60,전국,광주광역시,전국구,전체,@,@,@,@,@,아동,청소년,청년,중장년,노년,@,@,@,@,@,일반,@,자녀없음/상관없음,@,@,@,@,@,@,장애인,@,@,@,@,@,@,@,@,일상생활,@,@,@,@,@,@,보호/돌봄/요양,11
60,61,전국,광주광역시,전국구,전체,@,@,@,@,@,아동,청소년,청년,중장년,노년,@,@,@,@,@,일반,@,자녀없음/상관없음,@,@,@,@,@,@,장애인,저소득층,한부모/조손,@,독거노인,취약계층,@,@,주거,일상생활,@,@,@,안전/권익보장,@,@,@,0
61,62,전국,광주광역시,전국구,전체,@,@,@,@,@,@,@,청년,중장년,노년,@,@,창업,농어업인,중소기업,일반,@,자녀없음/상관없음,@,@,@,@,@,@,장애인,@,@,@,@,@,@,@,@,@,@,@,@,@,@,@,보호/돌봄/요양,1
62,63,전국,광주광역시,전국구,전체,@,@,@,@,@,아동,청소년,청년,중장년,노년,학생,무직,@,@,중소기업,일반,@,자녀없음/상관없음,@,@,@,@,@,@,장애인,저소득층,@,@,@,취약계층,@,@,@,@,신체건강/보건의료,@,@,@,@,@,@,14
63,64,전국,광주광역시,전국구,전체,@,@,@,@,@,아동,@,@,@,@,@,@,@,@,@,일반,@,자녀없음/상관없음,@,@,@,@,@,@,@,@,@,@,@,@,해당없음,@,@,@,@,@,@,@,@,@,@,18
64,65,전국,광주광역시,전국구,전체,@,@,@,@,@,아동,청소년,@,@,@,학생,@,@,@,@,@,@,자녀없음/상관없음,@,@,@,@,@,@,장애인,저소득층,@,@,@,취약계층,@,@,@,일상생활,@,@,@,@,@,@,@,3
65,66,전국,광주광역시,전국구,전체,@,@,@,@,@,@,@,청년,중장년,@,@,무직,@,@,@,@,@,자녀없음/상관없음,@,@,@,@,@,@,@,@,@,@,@,@,해당없음,@,@,@,@,@,@,안전/권익보장,@,@,@,6
66,67,전국,광주광역시,전국구,전체,@,@,@,@,@,아동,청소년,청년,중장년,노년,@,무직,@,@,중소기업,@,@,자녀없음/상관없음,@,@,@,@,@,@,@,저소득층,@,@,@,취약계층,@,@,@,일상생활,@,@,@,안전/권익보장,@,@,@,16
67,68,전국,광주광역시,전국구,전체,@,@,@,@,@,아동,청소년,청년,중장년,노년,@,@,@,@,@,일반,자녀있음,@,@,@,@,@,다자녀,@,@,@,@,@,@,@,해당없음,@,@,@,@,@,@,@,@,보육/교육,@,13
68,69,전국,@,전국구,@,@,@,@,@,@,아동,청소년,청년,중장년,노년,@,@,@,@,@,일반,@,자녀없음/상관없음,@,@,@,@,@,@,@,@,@,@,@,@,해당없음,@,@,@,신체건강/보건의료,정신건강/심리정서,@,@,@,@,@,11
69,70,전국,@,전국구,@,@,@,@,@,@,아동,청소년,청년,중장년,노년,@,@,@,농어업인,@,@,@,자녀없음/상관없음,@,@,@,@,@,@,@,@,@,@,@,@,해당없음,@,@,@,@,@,사업목적해당없음,@,@,@,@,16
70,71,전국,@,전국구,@,@,@,@,@,@,아동,청소년,@,@,@,@,@,@,@,@,일반,@,자녀없음/상관없음,@,@,@,@,@,@,@,@,@,@,@,@,해당없음,@,@,@,@,@,@,@,@,보육/교육,@,16
71,72,전국,@,전국구,@,@,@,@,@,@,@,@,@,@,@,@,@,@,@,@,@,@,자녀없음/상관없음,@,@,@,@,@,@,@,@,@,@,@,@,@,@,@,@,@,@,@,@,@,@,@,8
72,73,전국,@,전국구,@,@,@,@,@,@,@,@,청년,중장년,노년,@,@,@,@,@,일반,@,자녀없음/상관없음,@,@,@,@,@,@,장애인,@,@,@,@,@,@,@,@,@,@,@,사업목적해당없음,@,@,@,@,9
73,74,전국,@,전국구,@,@,@,@,@,@,@,청소년,청년,중장년,노년,@,@,@,@,@,일반,@,자녀없음/상관없음,@,@,@,@,@,@,장애인,@,@,@,@,@,@,@,@,일상생활,@,@,@,@,@,@,@,4
74,75,전국,@,전국구,@,@,@,@,@,@,@,청소년,@,@,@,@,@,@,@,@,일반,@,자녀없음/상관없음,@,@,@,@,@,@,@,@,@,@,@,@,해당없음,@,@,@,@,@,@,@,@,보육/교육,@,11
75,76,전국,@,전국구,@,@,@,@,@,@,@,@,@,@,@,@,@,@,@,@,일반,@,자녀없음/상관없음,@,@,@,@,@,@,@,@,@,@,@,@,해당없음,@,@,@,@,@,@,@,@,보육/교육,@,18
76,77,전국,@,전국구,@,@,@,@,@,@,@,청소년,청년,중장년,노년,@,@,@,@,@,일반,@,자녀없음/상관없음,@,@,@,@,@,@,@,@,@,@,@,@,해당없음,@,@,일상생활,@,@,@,@,@,@,@,4
77,78,전국,@,전국구,@,@,@,@,@,@,@,청소년,@,@,@,@,@,@,@,@,일반,@,자녀없음/상관없음,@,@,@,@,@,@,@,@,@,@,@,@,해당없음,@,@,@,@,@,@,안전/권익보장,@,@,@,18
78,79,전국,@,전국구,@,@,@,@,@,@,@,@,@,@,노년,@,@,@,@,@,일반,@,자녀없음/상관없음,@,@,@,@,@,@,@,@,@,@,@,@,해당없음,@,@,@,@,@,사업목적해당없음,@,@,@,@,0
79,80,전국,@,전국구,@,@,@,@,@,@,아동,청소년,청년,중장년,노년,@,@,@,@,@,일반,@,자녀없음/상관없음,@,@,@,@,@,@,@,@,@,@,@,@,해당없음,@,@,@,@,@,@,@,@,보육/교육,@,2
80,81,전국,@,전국구,@,@,@,@,@,@,아동,청소년,청년,중장년,노년,@,@,@,@,@,일반,@,자녀없음/상관없음,@,@,@,@,@,@,@,@,@,@,@,@,해당없음,@,@,일상생활,@,@,@,@,@,@,@,2
81,82,전국,@,전국구,@,@,@,@,@,@,아동,청소년,청년,중장년,노년,@,@,@,@,@,일반,@,자녀없음/상관없음,@,@,@,@,@,@,@,@,@,@,@,@,해당없음,@,주거,@,@,@,@,@,@,@,@,9
82,83,전국,@,전국구,@,@,@,@,@,@,아동,청소년,청년,중장년,노년,@,@,@,@,@,일반,@,자녀없음/상관없음,@,@,@,@,@,@,@,@,@,@,@,@,해당없음,@,@,@,@,@,@,@,@,보육/교육,@,18
83,84,전국,@,전국구,@,@,@,@,@,@,아동,청소년,청년,중장년,노년,@,@,@,@,@,일반,@,자녀없음/상관없음,@,@,@,@,@,@,@,@,@,@,@,@,해당없음,@,@,@,@,@,사업목적해당없음,@,@,@,@,12
84,85,전국,@,전국구,@,@,@,@,@,@,아동,청소년,청년,중장년,노년,@,@,@,@,@,일반,@,자녀없음/상관없음,@,@,@,@,@,@,@,저소득층,@,@,@,@,@,@,@,@,신체건강/보건의료,@,@,@,@,@,@,14
85,86,전국,@,전국구,@,@,@,@,@,@,아동,청소년,청년,중장년,노년,@,@,@,농어업인,@,@,@,자녀없음/상관없음,@,@,@,@,@,@,@,@,@,@,@,@,해당없음,@,@,@,신체건강/보건의료,@,@,@,@,@,@,2
86,87,전국,@,전국구,@,@,@,@,@,@,아동,청소년,청년,중장년,노년,@,@,@,@,@,일반,@,자녀없음/상관없음,@,@,@,@,@,보훈대상자/국가유공자,@,@,@,@,@,@,@,@,@,@,@,@,@,안전/권익보장,@,@,@,12
87,88,전국,@,전국구,@,@,@,@,@,@,아동,청소년,청년,중장년,노년,@,@,@,@,중소기업,@,@,자녀없음/상관없음,@,@,@,@,@,@,@,@,@,@,@,@,해당없음,@,@,@,신체건강/보건의료,@,@,@,@,보육/교육,보호/돌봄/요양,16
88,89,전국,@,전국구,@,@,@,@,@,@,아동,청소년,청년,중장년,노년,@,무직,@,@,@,@,@,자녀없음/상관없음,@,@,@,@,@,@,장애인,@,@,@,@,@,@,일자리,@,@,@,@,@,@,@,@,@,10
89,90,전국,@,전국구,@,@,@,@,@,@,아동,청소년,청년,중장년,노년,@,@,@,@,@,일반,@,자녀없음/상관없음,@,@,@,@,@,@,@,@,@,@,@,@,해당없음,@,@,일상생활,@,@,@,@,@,@,@,9
90,91,전국,@,전국구,@,@,@,@,@,@,아동,청소년,청년,중장년,노년,@,@,@,@,@,일반,@,자녀없음/상관없음,@,@,@,@,@,@,@,@,@,@,@,@,해당없음,@,@,@,신체건강/보건의료,@,@,@,@,@,@,14
91,92,전국,@,전국구,@,@,@,@,@,@,아동,청소년,청년,중장년,노년,@,@,@,@,@,일반,@,자녀없음/상관없음,@,@,@,@,@,보훈대상자/국가유공자,@,@,@,@,@,@,@,@,주거,@,@,@,@,@,@,@,@,12
92,93,전국,@,전국구,@,@,@,@,@,@,아동,청소년,청년,중장년,노년,@,@,@,@,@,일반,@,자녀없음/상관없음,@,@,@,@,@,@,@,저소득층,@,@,@,@,@,@,@,@,@,@,사업목적해당없음,@,@,@,@,1
93,94,전국,@,전국구,@,@,@,@,@,@,@,@,@,중장년,노년,@,@,@,@,@,일반,@,자녀없음/상관없음,@,@,@,@,@,보훈대상자/국가유공자,@,@,@,@,@,@,@,@,@,@,@,@,@,안전/권익보장,@,@,@,4
94,95,전국,@,전국구,@,@,@,@,@,@,아동,청소년,청년,중장년,노년,@,@,@,@,@,일반,@,자녀없음/상관없음,@,@,@,@,@,보훈대상자/국가유공자,@,@,@,@,@,@,@,@,@,@,@,@,@,안전/권익보장,@,@,@,4
95,96,전국,@,전국구,@,@,@,@,@,@,아동,청소년,청년,중장년,노년,학생,@,@,@,@,@,@,자녀없음/상관없음,@,@,@,@,@,@,@,@,@,@,@,@,해당없음,@,@,@,@,@,@,@,@,보육/교육,@,9
96,97,전국,@,전국구,@,@,@,@,@,@,아동,청소년,청년,중장년,노년,@,@,@,농어업인,@,@,@,자녀없음/상관없음,@,@,@,@,@,@,@,저소득층,@,@,@,@,@,@,@,@,@,@,사업목적해당없음,@,@,@,@,2
97,98,전국,@,전국구,@,@,@,@,@,@,아동,청소년,청년,중장년,노년,학생,@,@,@,@,@,@,자녀없음/상관없음,@,@,@,@,@,보훈대상자/국가유공자,@,@,@,@,@,@,@,@,@,@,@,@,@,@,@,보육/교육,@,4
98,99,전국,@,전국구,@,@,@,@,@,@,아동,청소년,청년,중장년,노년,@,@,@,@,@,일반,@,자녀없음/상관없음,@,@,@,@,@,@,@,저소득층,@,@,@,@,@,@,@,@,@,@,@,@,문화/여가,@,@,3
99,100,전국,@,전국구,@,@,@,@,@,@,아동,청소년,청년,중장년,노년,@,@,@,@,@,일반,@,자녀없음/상관없음,@,@,@,@,@,@,@,저소득층,@,@,@,@,@,@,@,@,신체건강/보건의료,@,@,@,@,@,@,14
100,101,전국,@,전국구,@,@,@,@,@,@,아동,청소년,청년,중장년,노년,@,@,@,@,@,일반,@,자녀없음/상관없음,@,@,@,@,@,@,@,@,@,@,@,@,해당없음,@,주거,@,@,@,@,@,@,@,@,16
101,102,전국,@,전국구,@,@,@,@,@,@,아동,청소년,청년,중장년,노년,@,@,창업,@,@,@,@,자녀없음/상관없음,@,@,@,@,@,@,@,@,@,@,@,@,해당없음,@,@,@,@,@,사업목적해당없음,@,@,@,@,9
102,103,전국,@,전국구,@,@,@,@,@,@,아동,청소년,청년,중장년,노년,@,@,@,@,중소기업,@,@,자녀없음/상관없음,@,@,@,@,@,@,@,@,@,@,@,@,해당없음,@,@,일상생활,@,@,@,@,@,@,@,3
103,104,전국,@,전국구,@,@,@,@,@,@,아동,청소년,청년,중장년,노년,@,@,@,@,@,일반,@,자녀없음/상관없음,@,@,@,@,@,@,@,저소득층,@,@,@,@,@,@,@,@,@,@,사업목적해당없음,@,@,@,@,16
104,105,전국,@,전국구,@,@,@,@,@,@,@,@,@,@,@,@,@,@,@,@,일반,@,자녀없음/상관없음,@,@,@,@,@,@,@,저소득층,@,@,@,@,@,@,@,@,신체건강/보건의료,@,@,@,@,@,@,13
105,106,전국,@,전국구,@,@,@,@,@,@,아동,청소년,청년,중장년,노년,@,@,@,@,@,일반,@,자녀없음/상관없음,@,@,@,다문화/탈북민,다자녀,보훈대상자/국가유공자,장애인,저소득층,한부모/조손,@,@,@,@,@,주거,@,@,@,@,@,@,@,@,16
106,107,전국,@,전국구,@,@,@,@,@,@,아동,청소년,청년,중장년,노년,학생,@,@,@,@,@,@,자녀없음/상관없음,@,@,@,다문화/탈북민,@,@,@,@,@,@,@,@,@,@,@,@,@,@,@,@,@,보육/교육,@,15
107,108,전국,@,전국구,@,@,@,@,@,@,아동,청소년,청년,중장년,노년,@,@,@,@,@,일반,@,자녀없음/상관없음,@,@,@,@,@,@,@,@,@,@,@,@,해당없음,@,@,@,@,정신건강/심리정서,@,@,@,보육/교육,@,18
108,109,전국,@,전국구,@,@,@,@,@,@,@,청소년,청년,중장년,노년,@,@,@,@,@,일반,@,자녀없음/상관없음,@,@,@,@,@,@,장애인,저소득층,@,@,@,@,@,@,@,@,@,@,@,@,@,@,보호/돌봄/요양,11
109,110,전국,@,전국구,@,@,@,@,@,@,아동,청소년,청년,중장년,노년,@,@,@,@,@,일반,@,자녀없음/상관없음,@,@,@,@,@,@,장애인,@,@,@,@,@,@,@,@,@,@,@,@,@,@,보육/교육,@,4
110,111,전국,@,전국구,@,@,@,@,@,@,아동,청소년,청년,중장년,노년,@,@,@,@,@,일반,@,자녀없음/상관없음,@,@,@,@,@,@,장애인,저소득층,@,@,@,@,@,@,@,@,신체건강/보건의료,@,@,@,@,@,@,14
111,112,전국,@,전국구,@,@,@,@,@,@,아동,청소년,청년,중장년,노년,@,@,@,@,@,일반,@,자녀없음/상관없음,@,@,@,@,@,@,@,@,@,@,@,@,해당없음,@,@,@,@,@,@,@,@,@,보호/돌봄/요양,1
112,113,전국,@,전국구,@,@,@,@,@,@,아동,청소년,청년,중장년,노년,@,@,@,@,@,일반,@,자녀없음/상관없음,@,@,@,@,@,@,@,@,@,@,@,@,해당없음,@,@,@,@,@,@,@,@,@,보호/돌봄/요양,12
113,114,전국,@,전국구,@,@,@,@,@,@,아동,청소년,청년,중장년,노년,@,무직,@,@,@,@,@,자녀없음/상관없음,@,@,@,@,@,@,@,@,@,@,@,@,해당없음,일자리,@,@,@,@,@,@,@,@,@,12
114,115,전국,@,전국구,@,@,@,@,@,@,아동,청소년,청년,중장년,노년,@,무직,@,@,@,@,@,자녀없음/상관없음,@,@,@,@,@,@,@,@,@,@,@,@,해당없음,일자리,@,@,@,@,@,@,@,@,@,17
115,116,전국,@,전국구,@,@,@,@,@,@,아동,청소년,청년,중장년,노년,@,@,@,@,@,일반,@,자녀없음/상관없음,@,@,@,@,@,@,@,저소득층,한부모/조손,@,@,@,@,@,@,일상생활,@,@,@,@,@,@,@,7
116,117,전국,@,전국구,@,@,@,@,@,@,아동,청소년,청년,중장년,노년,학생,@,@,@,@,@,@,자녀없음/상관없음,@,@,@,@,@,@,@,@,@,@,@,@,해당없음,@,@,@,@,@,@,@,@,보육/교육,@,11
117,118,전국,@,전국구,@,@,@,@,@,@,아동,청소년,청년,중장년,노년,@,@,@,@,@,일반,@,자녀없음/상관없음,@,@,@,@,@,@,@,저소득층,한부모/조손,@,@,@,@,@,@,일상생활,@,@,@,@,@,@,@,3
118,119,전국,@,전국구,@,@,@,@,@,@,아동,청소년,청년,중장년,노년,@,@,창업,@,@,@,@,자녀없음/상관없음,@,@,@,@,@,@,@,@,@,@,@,@,해당없음,@,@,@,@,@,@,@,@,보육/교육,@,17
119,120,전국,@,전국구,@,@,@,@,@,@,아동,청소년,@,@,@,학생,@,@,@,@,@,@,자녀없음/상관없음,@,@,@,@,@,@,@,저소득층,한부모/조손,@,@,@,@,@,@,@,@,@,@,@,문화/여가,@,@,7
120,121,전국,@,전국구,@,@,@,@,@,@,아동,청소년,청년,중장년,노년,@,@,@,@,@,일반,@,자녀없음/상관없음,@,@,@,@,@,@,@,@,@,@,@,@,해당없음,@,@,@,신체건강/보건의료,@,@,@,@,@,보호/돌봄/요양,14
121,122,전국,@,전국구,@,@,@,@,@,@,아동,청소년,청년,@,@,학생,@,@,@,@,@,@,자녀없음/상관없음,@,@,@,@,@,@,@,@,@,@,@,@,해당없음,@,@,일상생활,@,@,@,@,@,@,@,2
122,123,전국,@,전국구,@,@,@,@,@,@,아동,청소년,청년,중장년,노년,학생,@,@,@,@,@,@,자녀없음/상관없음,@,@,@,다문화/탈북민,@,@,@,@,@,@,@,@,@,@,@,@,@,@,@,@,@,보육/교육,@,15
123,124,전국,@,전국구,@,@,@,@,@,@,아동,청소년,청년,중장년,노년,@,@,@,@,@,일반,@,자녀없음/상관없음,@,@,@,@,@,@,@,@,@,@,@,@,해당없음,@,@,@,@,@,@,안전/권익보장,@,@,@,1
124,125,전국,@,전국구,@,@,@,@,@,@,아동,청소년,청년,중장년,노년,@,@,@,@,@,일반,@,자녀없음/상관없음,@,@,@,@,@,@,@,@,@,@,@,@,해당없음,@,@,@,신체건강/보건의료,@,@,@,@,@,보호/돌봄/요양,16
125,126,전국,@,전국구,@,@,@,@,@,@,아동,청소년,@,@,@,@,@,@,@,@,일반,@,자녀없음/상관없음,@,@,@,@,@,@,@,@,@,@,@,@,해당없음,@,@,@,@,@,@,@,@,@,보호/돌봄/요양,18
126,127,전국,@,전국구,@,@,@,@,@,@,아동,청소년,청년,중장년,노년,학생,@,@,@,@,@,@,자녀없음/상관없음,@,@,@,@,@,@,@,@,@,@,@,@,해당없음,@,@,@,@,@,@,@,@,보육/교육,@,15
127,128,전국,@,전국구,@,@,@,@,@,@,아동,청소년,청년,중장년,노년,@,@,@,@,@,일반,@,자녀없음/상관없음,@,@,@,@,@,@,@,@,한부모/조손,@,@,@,@,@,주거,@,@,@,@,@,@,@,@,7
128,129,전국,@,전국구,@,@,@,@,@,@,@,@,@,@,@,@,@,@,@,@,일반,@,자녀없음/상관없음,@,@,@,@,@,@,@,저소득층,한부모/조손,@,@,@,@,@,@,@,@,@,@,@,@,보육/교육,@,7
129,130,전국,@,전국구,@,@,@,@,@,@,아동,청소년,청년,중장년,노년,@,@,@,@,중소기업,@,@,자녀없음/상관없음,@,@,@,@,@,@,@,@,@,@,@,@,해당없음,@,주거,@,@,@,@,@,@,@,@,9
130,131,전국,@,전국구,@,@,@,@,@,@,아동,청소년,청년,중장년,노년,학생,@,@,@,@,@,@,자녀없음/상관없음,@,@,@,@,@,@,@,@,@,@,@,@,해당없음,@,@,@,@,@,@,안전/권익보장,@,보육/교육,@,11
131,132,전국,@,전국구,@,@,@,@,@,@,아동,청소년,청년,중장년,노년,@,@,@,@,중소기업,@,@,자녀없음/상관없음,@,@,@,@,@,@,@,@,@,@,@,@,해당없음,@,@,@,@,@,@,안전/권익보장,@,@,@,2
132,133,전국,@,전국구,@,@,@,@,@,@,아동,청소년,청년,중장년,노년,@,무직,@,@,@,@,@,자녀없음/상관없음,@,@,@,@,@,@,@,@,@,@,@,@,해당없음,일자리,@,@,@,@,@,안전/권익보장,@,@,@,8
133,134,전국,@,전국구,@,@,@,@,@,@,아동,청소년,청년,중장년,노년,@,@,@,@,@,일반,@,자녀없음/상관없음,@,@,@,@,@,보훈대상자/국가유공자,@,@,@,@,@,@,@,@,@,일상생활,@,@,@,안전/권익보장,@,@,@,4
134,135,전국,@,전국구,@,@,@,@,@,@,아동,청소년,청년,중장년,노년,@,@,@,@,@,일반,@,자녀없음/상관없음,@,@,@,@,@,보훈대상자/국가유공자,@,@,@,@,@,@,@,@,@,@,@,@,@,@,@,@,보호/돌봄/요양,12
135,136,전국,@,전국구,@,@,@,@,@,@,아동,청소년,청년,중장년,노년,@,@,@,@,@,일반,@,자녀없음/상관없음,@,@,@,@,@,@,장애인,@,@,@,@,@,@,@,@,@,신체건강/보건의료,@,@,@,@,@,@,3
136,137,전국,@,전국구,@,@,@,@,@,@,아동,청소년,청년,중장년,노년,@,@,@,@,중소기업,@,@,자녀없음/상관없음,@,@,@,@,다자녀,@,@,저소득층,한부모/조손,@,@,@,@,@,@,@,@,@,사업목적해당없음,@,@,@,@,16
137,138,전국,@,전국구,@,@,@,@,@,@,아동,청소년,청년,중장년,노년,@,@,@,@,@,일반,@,자녀없음/상관없음,@,@,@,@,@,보훈대상자/국가유공자,@,@,@,@,@,@,@,@,@,일상생활,@,@,@,@,@,@,@,4
138,139,전국,@,전국구,@,@,@,@,@,@,아동,청소년,청년,중장년,노년,@,@,@,@,@,일반,@,자녀없음/상관없음,@,@,@,@,@,@,@,저소득층,@,@,@,@,@,@,@,@,@,정신건강/심리정서,@,@,@,@,@,3
139,140,전국,@,전국구,@,@,@,@,@,@,아동,청소년,청년,중장년,노년,@,@,@,@,@,일반,@,자녀없음/상관없음,@,@,@,@,@,@,@,@,@,@,@,@,해당없음,@,@,일상생활,@,@,@,@,@,@,보호/돌봄/요양,1
140,141,전국,@,전국구,@,@,@,@,@,@,아동,청소년,청년,중장년,노년,@,@,@,@,@,일반,@,자녀없음/상관없음,@,@,@,@,@,@,장애인,@,@,@,@,@,@,@,@,@,@,@,사업목적해당없음,@,@,@,@,3
141,142,전국,@,전국구,@,@,@,@,@,@,아동,청소년,청년,중장년,노년,@,@,@,@,@,일반,@,자녀없음/상관없음,@,@,@,@,@,@,@,@,@,@,@,@,해당없음,@,@,@,@,@,@,안전/권익보장,@,@,@,6
142,143,전국,@,전국구,@,@,@,@,@,@,아동,청소년,청년,중장년,노년,@,@,@,@,@,일반,@,자녀없음/상관없음,@,@,@,@,@,@,@,@,@,@,@,@,해당없음,일자리,@,@,@,@,@,@,@,@,보호/돌봄/요양,11
143,144,전국,@,전국구,@,@,@,@,@,@,아동,청소년,청년,중장년,노년,@,@,@,@,@,일반,@,자녀없음/상관없음,@,@,@,@,@,보훈대상자/국가유공자,@,@,@,@,@,@,@,@,@,@,@,@,@,안전/권익보장,@,@,@,4
144,145,전국,@,전국구,@,@,@,@,@,@,아동,청소년,청년,@,@,학생,@,@,@,@,@,@,자녀없음/상관없음,@,@,@,@,@,@,@,@,@,@,@,@,해당없음,@,주거,@,@,@,@,@,@,@,보호/돌봄/요양,15
145,146,전국,@,전국구,@,@,@,@,@,@,@,청소년,@,@,@,@,@,@,@,@,일반,@,자녀없음/상관없음,@,@,@,@,@,@,@,저소득층,한부모/조손,@,@,@,@,@,@,@,신체건강/보건의료,@,@,@,@,@,@,3
146,147,전국,@,전국구,@,@,@,@,@,@,아동,청소년,청년,중장년,노년,@,@,@,@,@,일반,@,자녀없음/상관없음,@,@,@,다문화/탈북민,@,@,@,@,@,@,@,@,@,@,@,일상생활,@,@,@,@,@,@,@,8
147,148,전국,@,전국구,@,@,@,@,@,@,아동,청소년,청년,중장년,노년,@,@,@,@,@,일반,@,자녀없음/상관없음,@,@,@,@,@,@,@,@,@,@,@,@,해당없음,@,@,@,@,@,@,@,@,보육/교육,@,13
148,149,전국,@,전국구,@,@,@,@,@,@,아동,청소년,청년,중장년,노년,학생,@,@,농어업인,@,@,@,자녀없음/상관없음,@,@,@,@,@,@,@,@,@,@,@,@,해당없음,일자리,@,@,@,@,@,@,@,보육/교육,@,9
149,150,전국,@,전국구,@,@,@,@,@,@,아동,청소년,청년,중장년,노년,@,@,@,@,@,일반,@,자녀없음/상관없음,@,@,@,@,@,@,@,@,@,@,@,@,해당없음,@,주거,@,@,@,@,@,@,@,@,1
150,151,전국,@,전국구,@,@,@,@,@,@,아동,청소년,청년,중장년,노년,@,@,@,@,@,일반,@,자녀없음/상관없음,@,@,@,@,@,@,@,@,@,@,@,@,해당없음,@,주거,@,@,@,@,@,@,@,@,8
151,152,전국,@,전국구,@,@,@,@,@,@,아동,청소년,청년,중장년,노년,@,@,@,@,@,일반,@,자녀없음/상관없음,@,@,@,@,@,@,@,@,@,@,@,@,해당없음,@,@,일상생활,@,@,@,@,@,보육/교육,@,5
152,153,전국,@,전국구,@,@,@,@,@,@,아동,청소년,청년,중장년,노년,@,@,@,@,@,일반,@,자녀없음/상관없음,@,@,@,@,@,@,@,@,@,@,@,@,해당없음,@,@,@,@,@,@,@,@,보육/교육,@,13
153,154,전국,@,전국구,@,@,@,@,@,@,아동,청소년,청년,중장년,노년,@,@,@,@,@,일반,@,자녀없음/상관없음,@,@,@,@,@,@,@,@,@,@,@,@,해당없음,@,@,@,@,@,@,@,@,보육/교육,@,18
154,155,전국,@,전국구,@,@,@,@,@,@,아동,청소년,청년,중장년,노년,@,무직,@,@,@,@,@,자녀없음/상관없음,@,@,@,@,@,@,@,@,@,@,@,@,해당없음,@,@,@,신체건강/보건의료,@,@,@,@,@,보호/돌봄/요양,19
155,156,전국,@,전국구,@,@,@,@,@,@,아동,청소년,청년,중장년,노년,학생,@,@,@,@,@,@,자녀없음/상관없음,@,@,@,@,@,@,@,@,@,@,@,@,해당없음,@,@,@,@,@,@,@,@,보육/교육,@,15
156,157,전국,@,전국구,@,@,@,@,@,@,아동,청소년,청년,중장년,노년,@,@,@,@,@,일반,@,자녀없음/상관없음,@,@,@,@,@,@,@,@,@,@,@,@,해당없음,@,주거,@,@,@,@,@,@,@,@,16
157,158,전국,@,전국구,@,@,@,@,@,@,아동,청소년,청년,중장년,노년,@,@,@,@,@,일반,@,자녀없음/상관없음,@,@,@,@,@,@,@,@,@,@,@,@,해당없음,@,@,@,@,정신건강/심리정서,@,@,@,@,@,16
158,159,전국,@,전국구,@,@,@,@,@,@,아동,청소년,청년,중장년,노년,@,@,@,@,@,일반,@,자녀없음/상관없음,@,@,@,@,@,@,@,@,@,@,@,@,해당없음,@,@,@,신체건강/보건의료,정신건강/심리정서,@,@,@,@,@,14
159,160,전국,@,전국구,@,@,@,@,@,@,아동,청소년,청년,중장년,노년,@,@,@,@,@,일반,@,자녀없음/상관없음,@,@,@,@,@,@,@,@,@,@,@,@,해당없음,@,주거,@,@,@,@,@,@,@,@,16
160,161,전국,@,전국구,@,@,@,@,@,@,아동,청소년,청년,중장년,노년,@,@,@,@,@,일반,@,자녀없음/상관없음,@,@,@,다문화/탈북민,@,@,@,@,@,@,@,@,@,일자리,@,일상생활,신체건강/보건의료,@,@,@,@,@,@,8
161,162,전국,@,전국구,@,@,@,@,@,@,아동,청소년,청년,중장년,노년,@,무직,창업,@,@,@,@,자녀없음/상관없음,@,@,@,@,@,@,@,@,@,@,@,@,해당없음,일자리,@,@,@,@,@,@,@,@,@,17
162,163,전국,@,전국구,@,@,@,@,@,@,아동,청소년,청년,중장년,노년,@,@,@,@,@,일반,@,자녀없음/상관없음,@,@,@,@,@,@,@,저소득층,@,@,@,@,@,@,@,@,신체건강/보건의료,@,@,@,@,@,@,14
163,164,전국,@,전국구,@,@,@,@,@,@,아동,청소년,청년,중장년,노년,@,@,@,@,@,일반,@,자녀없음/상관없음,@,@,@,@,@,@,장애인,저소득층,@,@,@,@,@,@,@,@,@,@,@,@,문화/여가,@,@,1
164,165,전국,@,전국구,@,@,@,@,@,@,아동,청소년,청년,@,@,학생,@,@,@,@,@,@,자녀없음/상관없음,@,@,@,@,@,@,@,@,@,@,@,@,해당없음,@,@,@,@,정신건강/심리정서,@,@,@,보육/교육,@,15
165,166,전국,@,전국구,@,@,@,@,@,@,아동,청소년,청년,중장년,노년,@,@,@,@,@,일반,@,자녀없음/상관없음,@,@,@,@,@,보훈대상자/국가유공자,@,@,@,@,@,@,@,@,@,@,신체건강/보건의료,@,@,@,@,@,@,19
166,167,전국,@,전국구,@,@,@,@,@,@,@,청소년,@,@,@,@,@,@,@,@,일반,@,자녀없음/상관없음,@,@,@,@,@,@,@,@,@,@,@,@,해당없음,@,@,@,@,@,@,@,@,보육/교육,@,18
167,168,전국,@,전국구,@,@,@,@,@,@,아동,청소년,청년,중장년,노년,@,무직,창업,@,@,@,@,자녀없음/상관없음,@,@,@,@,@,@,@,@,@,@,@,@,해당없음,일자리,@,@,@,@,@,@,@,@,@,17
168,169,전국,@,전국구,@,@,@,@,@,@,아동,청소년,청년,중장년,노년,@,@,@,@,@,일반,@,자녀없음/상관없음,@,@,@,@,@,보훈대상자/국가유공자,@,@,@,@,@,@,@,@,@,@,신체건강/보건의료,@,@,@,@,@,@,12
169,170,전국,@,전국구,@,@,@,@,@,@,@,청소년,청년,@,@,@,@,@,@,중소기업,@,@,자녀없음/상관없음,@,@,@,다문화/탈북민,@,@,@,@,@,@,@,@,@,@,@,@,@,@,사업목적해당없음,@,@,@,@,8
170,171,전국,@,전국구,@,@,@,@,@,@,아동,청소년,청년,중장년,노년,@,@,@,@,@,일반,@,자녀없음/상관없음,@,@,@,@,@,@,장애인,@,@,@,@,@,@,@,@,@,신체건강/보건의료,@,@,@,@,@,@,18
171,172,전국,@,전국구,@,@,@,@,@,@,@,청소년,청년,@,@,학생,@,@,@,@,@,@,자녀없음/상관없음,@,@,@,@,@,@,@,@,@,@,@,@,해당없음,일자리,@,@,@,@,@,@,@,@,@,10
172,173,전국,@,전국구,@,@,@,@,@,@,아동,청소년,청년,중장년,노년,@,@,@,@,@,일반,@,자녀없음/상관없음,@,@,@,@,@,보훈대상자/국가유공자,@,@,@,@,@,@,@,@,@,@,@,@,@,안전/권익보장,@,@,@,4
173,174,전국,@,전국구,@,@,@,@,@,@,아동,청소년,청년,중장년,노년,학생,@,@,@,@,@,@,자녀없음/상관없음,@,@,@,@,@,@,@,@,@,@,@,@,해당없음,일자리,@,@,@,@,@,@,@,보육/교육,@,9
174,175,전국,@,전국구,@,@,@,@,@,@,아동,청소년,청년,중장년,노년,@,@,@,@,@,일반,@,자녀없음/상관없음,@,@,@,@,@,@,@,@,@,@,@,@,해당없음,@,@,@,신체건강/보건의료,정신건강/심리정서,@,@,@,보육/교육,보호/돌봄/요양,16
175,176,전국,@,전국구,@,@,@,@,@,@,아동,청소년,청년,중장년,노년,@,@,@,@,@,일반,@,자녀없음/상관없음,@,@,@,@,@,@,장애인,저소득층,@,@,@,@,@,@,@,일상생활,신체건강/보건의료,@,@,@,@,@,@,14
176,177,전국,@,전국구,@,@,@,@,@,@,아동,청소년,청년,중장년,노년,@,@,@,@,중소기업,일반,@,자녀없음/상관없음,@,@,@,@,@,@,@,@,@,@,@,@,해당없음,@,주거,@,@,@,@,@,@,@,@,9
177,178,전국,@,전국구,@,@,@,@,@,@,아동,청소년,청년,중장년,노년,@,@,@,@,@,일반,@,자녀없음/상관없음,@,@,@,@,@,보훈대상자/국가유공자,@,@,@,@,@,@,@,@,@,@,@,@,@,안전/권익보장,@,@,@,12
178,179,전국,@,전국구,@,@,@,@,@,@,아동,청소년,청년,중장년,노년,@,@,@,@,@,일반,@,자녀없음/상관없음,@,@,@,@,@,보훈대상자/국가유공자,@,@,@,@,@,@,@,@,@,@,신체건강/보건의료,@,@,@,@,@,@,14
179,180,전국,@,전국구,@,@,@,@,@,@,@,@,@,@,노년,@,@,@,@,@,일반,@,자녀없음/상관없음,@,@,@,@,@,보훈대상자/국가유공자,@,@,@,@,@,@,@,@,@,@,@,@,@,안전/권익보장,@,@,@,12
180,181,전국,@,전국구,@,@,@,@,@,@,아동,@,@,@,@,@,@,@,@,@,일반,@,자녀없음/상관없음,@,@,@,@,@,@,@,@,@,@,@,@,해당없음,@,@,@,@,@,@,@,@,보육/교육,@,18
181,182,전국,@,전국구,@,@,@,@,@,@,아동,청소년,청년,중장년,노년,@,@,@,@,@,일반,@,자녀없음/상관없음,@,@,@,@,@,@,@,@,한부모/조손,@,@,@,@,@,@,@,@,@,@,@,@,보육/교육,@,7
182,183,전국,@,전국구,@,@,@,@,@,@,아동,청소년,청년,중장년,노년,@,@,@,@,@,일반,@,자녀없음/상관없음,@,@,@,@,@,@,@,@,@,@,@,@,해당없음,@,@,@,신체건강/보건의료,@,@,@,@,@,@,14
183,184,전국,@,전국구,@,@,@,@,@,@,@,@,청년,중장년,노년,@,@,@,@,@,일반,@,자녀없음/상관없음,@,@,@,@,@,@,장애인,@,@,@,@,@,@,@,@,@,@,@,@,@,@,@,보호/돌봄/요양,10
184,185,전국,@,전국구,@,@,@,@,@,@,아동,청소년,청년,중장년,노년,학생,@,@,@,@,@,@,자녀없음/상관없음,@,@,@,@,@,@,@,@,@,@,@,@,해당없음,@,@,@,@,@,@,@,@,보육/교육,@,9
185,186,전국,@,전국구,@,@,@,@,@,@,아동,청소년,청년,중장년,노년,@,@,@,@,@,일반,@,자녀없음/상관없음,@,@,@,@,@,@,@,@,@,@,@,@,해당없음,@,@,@,@,정신건강/심리정서,@,@,@,@,보호/돌봄/요양,6
186,187,전국,@,전국구,@,@,@,@,@,@,아동,청소년,청년,중장년,노년,학생,@,@,@,@,@,@,자녀없음/상관없음,@,@,@,@,@,@,@,@,@,@,@,@,해당없음,@,@,@,@,@,@,안전/권익보장,@,보육/교육,@,15
187,188,전국,@,전국구,@,@,@,@,@,@,아동,청소년,청년,중장년,노년,@,@,@,@,@,일반,@,자녀없음/상관없음,@,@,@,@,@,@,@,@,@,@,@,@,해당없음,@,@,@,신체건강/보건의료,@,@,안전/권익보장,@,@,@,14
188,189,전국,@,전국구,@,@,@,@,@,@,아동,청소년,청년,중장년,노년,학생,@,@,@,@,@,@,자녀없음/상관없음,@,@,@,@,@,@,@,@,@,@,@,@,해당없음,@,@,@,@,@,@,@,@,보육/교육,@,15
189,190,전국,@,전국구,@,@,@,@,@,@,아동,청소년,청년,중장년,노년,학생,무직,@,@,중소기업,@,@,자녀없음/상관없음,@,@,@,@,@,@,@,@,@,@,@,@,해당없음,일자리,주거,일상생활,@,@,@,@,@,@,@,8
190,191,전국,@,전국구,@,@,@,@,@,@,아동,청소년,청년,중장년,노년,@,@,@,@,@,일반,@,자녀없음/상관없음,@,@,@,@,@,@,@,@,@,@,@,@,해당없음,@,@,@,@,정신건강/심리정서,@,@,@,@,보호/돌봄/요양,6
191,192,전국,@,전국구,@,@,@,@,@,@,아동,청소년,청년,중장년,노년,@,무직,@,@,@,@,@,자녀없음/상관없음,@,@,@,@,@,@,@,@,@,@,@,@,해당없음,일자리,@,@,@,@,@,@,@,@,@,17
192,193,전국,@,전국구,@,@,@,@,@,@,아동,청소년,청년,중장년,노년,@,@,@,@,@,일반,@,자녀없음/상관없음,@,@,@,@,@,@,@,@,@,@,@,@,해당없음,@,주거,@,@,@,@,@,@,@,@,9
193,194,전국,@,전국구,@,@,@,@,@,@,아동,청소년,청년,중장년,노년,@,@,@,@,@,일반,@,자녀없음/상관없음,@,@,@,@,@,@,@,@,@,@,@,@,해당없음,일자리,주거,일상생활,신체건강/보건의료,@,@,@,@,@,@,16
194,195,전국,@,전국구,@,@,@,@,@,@,아동,청소년,@,@,@,@,@,@,@,@,일반,@,자녀없음/상관없음,@,@,@,@,@,@,@,@,@,@,@,@,해당없음,@,@,@,신체건강/보건의료,@,@,@,@,@,@,14
195,196,전국,@,전국구,@,@,@,@,@,@,아동,청소년,청년,중장년,노년,@,@,@,@,@,일반,@,자녀없음/상관없음,@,@,@,@,@,@,@,@,@,@,@,@,해당없음,@,@,@,@,@,사업목적해당없음,@,@,@,@,1
196,197,전국,@,전국구,@,@,@,@,@,@,아동,청소년,청년,중장년,노년,@,@,@,@,@,일반,@,자녀없음/상관없음,@,@,@,@,@,@,@,@,@,@,@,@,해당없음,@,@,@,@,@,@,@,@,보육/교육,@,3
197,198,전국,@,전국구,@,@,@,@,@,@,아동,청소년,청년,중장년,노년,@,@,@,@,@,일반,@,자녀없음/상관없음,@,@,@,@,@,@,@,@,@,@,@,@,해당없음,@,@,@,@,정신건강/심리정서,@,@,@,@,보호/돌봄/요양,6
198,199,전국,@,전국구,@,@,@,@,@,@,아동,청소년,청년,중장년,노년,@,@,@,@,@,일반,@,자녀없음/상관없음,@,@,@,@,@,@,@,@,@,@,@,@,해당없음,일자리,@,@,@,@,@,@,@,보육/교육,@,10
199,200,전국,@,전국구,@,@,@,@,@,@,아동,청소년,청년,중장년,노년,@,@,@,@,@,일반,@,자녀없음/상관없음,@,@,@,@,@,@,@,@,@,@,@,@,해당없음,@,@,@,@,@,@,@,@,@,보호/돌봄/요양,1
200,201,전국,@,전국구,@,@,@,@,@,@,아동,청소년,청년,@,@,@,@,@,@,@,일반,@,자녀없음/상관없음,@,@,@,@,@,@,장애인,저소득층,한부모/조손,@,@,@,@,@,@,@,신체건강/보건의료,@,@,@,@,@,보호/돌봄/요양,14
201,202,전국,@,전국구,@,@,@,@,@,@,아동,청소년,청년,중장년,노년,@,@,@,@,@,일반,@,자녀없음/상관없음,@,@,@,@,@,@,@,저소득층,@,@,@,@,@,@,@,@,신체건강/보건의료,@,@,@,@,@,@,19
202,203,전국,@,전국구,@,@,@,@,@,@,아동,청소년,청년,중장년,노년,학생,@,@,@,@,@,@,자녀없음/상관없음,@,@,@,@,@,@,@,저소득층,@,@,@,@,@,@,@,@,@,@,@,@,@,보육/교육,@,15
203,204,전국,@,전국구,@,@,@,@,@,@,아동,청소년,청년,중장년,노년,@,@,창업,@,@,@,@,자녀없음/상관없음,@,@,@,@,@,@,@,@,@,@,@,@,해당없음,일자리,@,@,@,@,@,@,@,@,@,8
204,205,전국,@,전국구,@,@,@,@,@,@,아동,청소년,청년,중장년,노년,@,@,@,@,@,일반,@,자녀없음/상관없음,@,@,@,@,@,@,@,저소득층,@,@,@,@,@,@,@,@,신체건강/보건의료,@,@,@,@,@,@,16
205,206,전국,@,전국구,@,@,@,@,@,@,아동,청소년,청년,중장년,노년,@,@,@,@,@,일반,@,자녀없음/상관없음,@,@,@,@,@,@,@,@,@,@,@,@,해당없음,@,@,@,신체건강/보건의료,@,@,@,@,@,보호/돌봄/요양,14
206,207,전국,@,전국구,@,@,@,@,@,@,아동,청소년,청년,중장년,노년,@,@,@,@,@,일반,@,자녀없음/상관없음,@,@,@,@,@,@,장애인,저소득층,@,@,@,@,@,@,@,@,신체건강/보건의료,@,@,안전/권익보장,@,@,보호/돌봄/요양,0
207,208,전국,@,전국구,@,@,@,@,@,@,아동,청소년,청년,중장년,노년,@,@,@,@,@,일반,@,자녀없음/상관없음,@,@,@,@,@,@,@,@,@,@,@,@,해당없음,@,@,@,@,@,@,안전/권익보장,@,보육/교육,@,18
208,209,전국,@,전국구,@,@,@,@,@,@,아동,청소년,청년,중장년,노년,@,@,@,@,@,일반,@,자녀없음/상관없음,@,@,@,@,@,@,@,@,@,@,@,@,해당없음,@,@,@,@,@,@,안전/권익보장,@,보육/교육,@,15
209,210,전국,@,전국구,@,@,@,@,@,@,아동,청소년,청년,중장년,노년,학생,@,@,농어업인,@,@,@,자녀없음/상관없음,@,@,@,@,@,@,@,@,@,@,@,@,해당없음,@,@,@,@,@,@,@,@,보육/교육,@,9
210,211,전국,@,전국구,@,@,@,@,@,@,아동,청소년,청년,중장년,노년,@,@,@,농어업인,@,@,@,자녀없음/상관없음,@,@,@,@,@,@,@,@,@,@,@,@,해당없음,@,@,@,@,@,사업목적해당없음,@,@,@,@,2
211,212,전국,@,전국구,@,@,@,@,@,@,아동,청소년,청년,중장년,노년,@,@,@,@,@,일반,@,자녀없음/상관없음,@,@,@,@,@,@,@,@,한부모/조손,@,@,@,@,@,@,@,@,정신건강/심리정서,@,@,@,@,@,7
212,213,전국,@,전국구,@,@,@,@,@,@,아동,청소년,청년,중장년,노년,@,@,@,농어업인,@,@,@,자녀없음/상관없음,@,@,@,@,@,@,@,@,@,@,@,@,해당없음,@,@,@,신체건강/보건의료,@,@,@,@,@,@,2
213,214,전국,@,전국구,@,@,@,@,@,@,아동,청소년,청년,중장년,노년,@,@,@,@,@,일반,@,자녀없음/상관없음,@,@,@,@,@,@,@,@,@,@,@,@,해당없음,@,@,@,@,@,@,@,문화/여가,@,@,4
214,215,전국,@,전국구,@,@,@,@,@,@,아동,청소년,청년,중장년,노년,@,@,@,@,@,일반,@,자녀없음/상관없음,@,@,@,@,@,@,@,@,@,@,@,@,해당없음,@,주거,@,@,@,@,@,@,@,@,1
215,216,전국,@,전국구,@,@,@,@,@,@,아동,청소년,청년,중장년,노년,@,@,@,@,@,일반,@,자녀없음/상관없음,@,@,@,@,@,@,@,@,한부모/조손,@,@,@,@,@,@,@,신체건강/보건의료,@,@,@,@,@,@,14
216,217,전국,@,전국구,@,@,@,@,@,@,아동,청소년,청년,중장년,노년,학생,@,@,@,@,@,@,자녀없음/상관없음,@,@,@,@,@,@,@,저소득층,한부모/조손,@,@,@,@,@,@,@,@,@,@,@,@,보육/교육,@,7
217,218,전국,@,전국구,@,@,@,@,@,@,아동,청소년,청년,중장년,노년,학생,@,@,@,@,@,@,자녀없음/상관없음,@,@,@,@,@,@,@,@,@,@,@,@,해당없음,@,@,@,@,@,@,@,@,보육/교육,@,7
218,219,전국,@,전국구,@,@,@,@,@,@,아동,청소년,청년,중장년,노년,@,@,@,@,@,일반,@,자녀없음/상관없음,@,@,@,@,@,@,@,@,@,@,@,@,해당없음,@,@,@,신체건강/보건의료,정신건강/심리정서,@,@,@,@,보호/돌봄/요양,6
219,220,전국,@,전국구,@,@,@,@,@,@,아동,청소년,청년,중장년,노년,@,@,@,@,@,일반,@,자녀없음/상관없음,@,@,@,@,@,@,@,@,@,@,@,@,해당없음,@,@,일상생활,신체건강/보건의료,@,@,안전/권익보장,@,@,@,6
220,221,전국,@,전국구,@,@,@,@,@,@,아동,청소년,@,@,@,@,@,@,@,@,일반,@,자녀없음/상관없음,@,@,@,@,@,@,@,@,@,@,@,@,해당없음,@,@,@,@,@,@,@,@,@,보호/돌봄/요양,18
221,222,전국,@,전국구,@,@,@,@,@,@,@,@,@,중장년,노년,@,@,@,@,@,일반,@,자녀없음/상관없음,@,@,@,@,@,@,@,@,@,@,@,@,해당없음,@,@,일상생활,@,@,@,@,@,@,@,9
222,223,전국,@,전국구,@,@,@,@,@,@,아동,청소년,청년,@,@,@,@,@,@,@,일반,@,자녀없음/상관없음,@,@,@,@,@,@,@,@,한부모/조손,@,@,@,@,@,@,@,@,@,@,@,@,보육/교육,@,16
223,224,전국,@,전국구,@,@,@,@,@,@,아동,청소년,청년,중장년,노년,@,@,@,@,@,일반,@,자녀없음/상관없음,@,@,@,@,@,@,@,@,@,@,@,@,해당없음,@,@,@,신체건강/보건의료,@,@,@,@,@,보호/돌봄/요양,14
224,225,전국,@,전국구,@,@,@,@,@,@,@,@,@,중장년,노년,@,@,@,@,@,일반,@,자녀없음/상관없음,@,@,@,@,@,@,@,@,@,@,@,@,해당없음,@,@,@,@,@,@,@,문화/여가,@,@,11
225,226,전국,@,전국구,@,@,@,@,@,@,아동,청소년,청년,중장년,노년,학생,@,@,@,@,@,@,자녀없음/상관없음,@,@,@,@,@,@,@,@,@,@,@,@,해당없음,@,@,@,@,@,@,@,@,보육/교육,@,16
226,227,전국,@,전국구,@,@,@,@,@,@,아동,청소년,청년,중장년,노년,@,@,@,@,@,일반,@,자녀없음/상관없음,@,@,@,@,@,@,장애인,@,@,@,@,@,@,@,@,@,신체건강/보건의료,@,@,@,@,@,보호/돌봄/요양,14
227,228,전국,@,전국구,@,@,@,@,@,@,아동,청소년,청년,@,@,학생,@,@,@,@,@,@,자녀없음/상관없음,@,@,@,@,@,@,@,@,@,@,@,@,해당없음,@,@,@,@,@,@,@,@,보육/교육,@,5
228,229,전국,@,전국구,@,@,@,@,@,@,@,@,@,@,노년,@,@,@,@,@,일반,@,자녀없음/상관없음,@,@,@,@,@,@,@,저소득층,한부모/조손,@,@,@,@,@,@,@,신체건강/보건의료,@,@,@,@,@,@,0
229,230,전국,@,전국구,@,@,@,@,@,@,아동,청소년,청년,중장년,노년,@,@,@,@,@,일반,@,자녀없음/상관없음,@,@,@,@,@,@,@,@,@,@,@,@,해당없음,@,@,@,@,@,@,@,@,보육/교육,@,18
230,231,전국,@,전국구,@,@,@,@,@,@,아동,청소년,청년,중장년,노년,@,@,@,@,@,일반,@,자녀없음/상관없음,@,@,@,@,@,@,장애인,@,@,@,@,@,@,@,@,@,@,@,@,@,문화/여가,@,@,11
231,232,전국,@,전국구,@,@,@,@,@,@,아동,청소년,청년,중장년,노년,학생,@,@,@,@,@,@,자녀없음/상관없음,@,@,@,@,@,@,@,@,@,@,@,@,해당없음,@,@,@,@,@,@,@,@,보육/교육,@,15
232,233,전국,@,전국구,@,@,@,@,@,@,아동,@,청년,중장년,노년,@,@,@,@,@,일반,@,자녀없음/상관없음,@,@,@,@,@,@,@,@,@,@,@,@,해당없음,@,@,@,신체건강/보건의료,@,@,@,@,@,@,19
233,234,전국,@,전국구,@,@,@,@,@,@,아동,청소년,청년,중장년,노년,학생,@,@,@,@,@,@,자녀없음/상관없음,@,@,@,@,@,@,@,@,@,@,@,@,해당없음,@,@,@,@,정신건강/심리정서,@,@,@,보육/교육,@,15
234,235,전국,@,전국구,@,@,@,@,@,@,아동,청소년,@,@,@,@,@,@,@,@,일반,@,자녀없음/상관없음,@,@,@,@,@,@,장애인,@,@,@,@,@,@,@,@,@,신체건강/보건의료,@,@,@,@,@,보호/돌봄/요양,14
235,236,전국,@,전국구,@,@,@,@,@,@,아동,청소년,청년,중장년,노년,@,@,@,@,@,일반,@,자녀없음/상관없음,@,@,@,@,@,보훈대상자/국가유공자,@,@,@,@,@,@,@,@,@,일상생활,@,@,@,@,@,@,@,4
236,237,전국,@,전국구,@,@,@,@,@,@,@,@,청년,중장년,노년,@,무직,@,@,@,@,@,자녀없음/상관없음,@,@,@,@,@,@,@,@,@,@,@,@,해당없음,일자리,@,@,@,@,@,@,@,@,@,16
237,238,전국,@,전국구,@,@,@,@,@,@,아동,청소년,청년,중장년,노년,@,@,@,@,@,일반,@,자녀없음/상관없음,@,@,@,@,@,@,@,@,@,@,@,@,해당없음,@,@,@,신체건강/보건의료,@,@,@,@,보육/교육,보호/돌봄/요양,14
238,239,전국,@,전국구,@,@,@,@,@,@,아동,청소년,청년,중장년,노년,@,무직,@,@,@,@,@,자녀없음/상관없음,@,@,@,@,@,@,@,@,@,@,@,@,해당없음,일자리,@,@,@,@,@,@,@,@,@,10
239,240,전국,@,전국구,@,@,@,@,@,@,아동,청소년,청년,중장년,노년,@,@,@,@,@,일반,@,자녀없음/상관없음,@,@,@,@,@,@,@,@,@,@,@,@,해당없음,@,@,@,@,@,사업목적해당없음,@,@,@,@,9
240,241,전국,@,전국구,@,@,@,@,@,@,아동,청소년,청년,중장년,노년,@,@,@,@,@,일반,@,자녀없음/상관없음,@,@,@,@,@,보훈대상자/국가유공자,@,@,@,@,@,@,@,@,@,@,@,@,@,안전/권익보장,@,@,@,12
241,242,전국,@,전국구,@,@,@,@,@,@,아동,청소년,청년,중장년,노년,@,@,@,@,@,일반,@,자녀없음/상관없음,@,@,@,@,@,@,@,저소득층,@,@,@,@,@,@,주거,@,@,@,@,@,@,@,@,16
242,243,전국,@,전국구,@,@,@,@,@,@,아동,청소년,청년,@,@,학생,@,@,@,@,@,@,자녀없음/상관없음,@,@,@,@,@,@,@,@,한부모/조손,@,@,@,@,@,@,@,@,@,@,@,@,보육/교육,@,7
243,244,전국,@,전국구,@,@,@,@,@,@,@,@,@,@,@,@,@,@,@,@,일반,@,자녀없음/상관없음,@,@,@,@,@,@,@,저소득층,@,@,@,@,@,@,@,@,신체건강/보건의료,@,@,@,@,@,@,16
244,245,전국,@,전국구,@,@,@,@,@,@,아동,청소년,청년,중장년,노년,@,@,@,@,@,일반,@,자녀없음/상관없음,@,@,@,@,@,보훈대상자/국가유공자,@,@,@,@,@,@,@,@,@,@,@,@,@,@,@,보육/교육,@,4
245,246,전국,@,전국구,@,@,@,@,@,@,아동,청소년,청년,중장년,노년,@,@,@,@,@,일반,@,자녀없음/상관없음,@,@,@,@,@,@,@,저소득층,@,@,@,@,@,@,@,일상생활,@,@,@,@,@,@,@,16
246,247,전국,@,전국구,@,@,@,@,@,@,아동,청소년,청년,중장년,노년,@,@,@,@,@,일반,@,자녀없음/상관없음,@,@,@,@,@,@,@,@,@,@,@,@,해당없음,@,@,@,신체건강/보건의료,@,@,@,@,@,@,14
247,248,전국,@,전국구,@,@,@,@,@,@,아동,청소년,청년,중장년,노년,@,@,@,@,@,일반,@,자녀없음/상관없음,@,@,@,@,@,@,@,@,@,@,@,@,해당없음,@,@,@,신체건강/보건의료,@,@,@,@,@,@,14
248,249,전국,@,전국구,@,@,@,@,@,@,아동,청소년,청년,중장년,노년,@,@,@,@,@,일반,@,자녀없음/상관없음,@,@,@,@,@,@,@,저소득층,@,@,@,@,@,@,@,@,@,@,@,@,@,보육/교육,@,13
249,250,전국,@,전국구,@,@,@,@,@,@,아동,청소년,청년,중장년,노년,@,@,@,@,@,일반,@,자녀없음/상관없음,@,@,@,@,@,@,장애인,@,@,@,@,@,@,@,@,@,@,@,사업목적해당없음,@,@,@,@,2
250,251,전국,@,전국구,@,@,@,@,@,@,아동,청소년,청년,중장년,노년,@,@,@,@,@,일반,@,자녀없음/상관없음,@,@,@,@,@,@,@,@,@,@,@,@,해당없음,@,@,일상생활,@,@,@,@,@,@,@,12
251,252,전국,@,전국구,@,@,@,@,@,@,@,@,청년,중장년,노년,@,@,@,@,@,일반,@,자녀없음/상관없음,@,@,@,@,@,@,@,@,@,@,@,@,해당없음,일자리,@,@,@,@,@,@,@,@,@,3
252,253,전국,@,전국구,@,@,@,@,@,@,아동,청소년,청년,중장년,노년,학생,@,@,@,@,@,@,자녀없음/상관없음,@,@,@,@,@,@,@,@,@,@,@,@,해당없음,@,@,@,@,@,@,@,@,@,보호/돌봄/요양,6
253,254,전국,@,전국구,@,@,@,@,@,@,@,청소년,@,@,@,@,@,@,@,@,일반,@,자녀없음/상관없음,@,@,@,@,@,@,@,@,@,@,@,@,해당없음,@,@,@,@,@,@,@,@,@,보호/돌봄/요양,18
254,255,전국,@,전국구,@,@,@,@,@,@,아동,청소년,청년,@,@,학생,@,@,@,@,@,@,자녀없음/상관없음,@,@,@,@,@,@,@,@,@,@,@,@,해당없음,@,@,@,@,정신건강/심리정서,@,안전/권익보장,@,@,보호/돌봄/요양,6
255,256,전국,@,전국구,@,@,@,@,@,@,아동,청소년,청년,중장년,노년,학생,@,@,@,@,@,@,자녀없음/상관없음,@,@,@,다문화/탈북민,@,@,@,@,@,@,@,@,@,@,@,@,@,@,@,@,@,보육/교육,@,15
256,257,전국,@,전국구,@,@,@,@,@,@,@,청소년,청년,중장년,@,@,@,@,@,@,일반,@,자녀없음/상관없음,@,@,@,@,@,@,장애인,@,@,@,@,@,@,@,@,@,@,@,@,@,문화/여가,@,@,10
257,258,전국,@,전국구,@,@,@,@,@,@,@,청소년,청년,중장년,노년,@,@,@,@,@,일반,@,자녀없음/상관없음,@,@,@,@,@,@,장애인,@,@,@,@,@,@,@,@,일상생활,@,@,@,@,@,@,@,16
258,259,전국,@,전국구,@,@,@,@,@,@,아동,청소년,@,@,@,학생,@,@,@,@,@,@,자녀없음/상관없음,@,@,@,@,@,@,@,@,@,@,@,@,해당없음,@,@,@,@,정신건강/심리정서,@,@,@,@,@,6
259,260,전국,@,전국구,@,@,@,@,@,@,@,청소년,청년,@,@,학생,@,@,@,@,@,@,자녀없음/상관없음,@,@,@,@,@,@,@,@,@,@,@,@,해당없음,@,@,일상생활,@,@,@,@,@,@,@,15
260,261,전국,@,전국구,@,@,@,@,@,@,@,@,@,@,@,@,@,@,@,@,일반,@,자녀없음/상관없음,@,@,@,@,@,@,@,@,@,@,@,@,해당없음,@,@,@,@,@,@,@,@,보육/교육,@,18
261,262,전국,@,전국구,@,@,@,@,@,@,@,@,청년,중장년,노년,@,@,@,@,중소기업,@,@,자녀없음/상관없음,@,@,@,@,@,@,@,@,@,@,@,@,해당없음,@,@,@,@,@,사업목적해당없음,@,@,@,@,16
262,263,전국,@,전국구,@,@,@,@,@,@,@,@,청년,중장년,노년,@,무직,@,@,@,@,@,자녀없음/상관없음,@,@,@,@,@,@,@,@,@,@,@,@,해당없음,일자리,@,@,@,@,@,@,@,@,@,8
263,264,전국,@,전국구,@,@,@,@,@,@,아동,청소년,청년,중장년,노년,@,@,@,@,@,일반,@,자녀없음/상관없음,@,@,@,@,@,@,장애인,저소득층,@,@,@,@,@,@,@,@,@,@,@,@,문화/여가,@,@,5
264,265,전국,@,전국구,@,@,@,@,@,@,@,@,청년,중장년,노년,@,@,@,@,@,일반,@,자녀없음/상관없음,@,@,@,@,@,@,장애인,@,@,@,@,@,@,@,@,@,신체건강/보건의료,@,@,@,@,@,@,14
265,266,전국,@,전국구,@,@,@,@,@,@,@,@,청년,중장년,노년,@,@,@,@,@,일반,@,자녀없음/상관없음,@,@,@,@,@,@,@,@,@,@,@,@,해당없음,일자리,@,@,@,@,@,@,@,@,@,1
266,267,전국,@,전국구,@,@,@,@,@,@,@,청소년,청년,중장년,노년,@,@,@,@,@,일반,@,자녀없음/상관없음,@,@,@,@,@,@,장애인,@,@,@,@,@,@,@,@,@,@,@,@,안전/권익보장,@,@,@,10
267,268,전국,@,전국구,@,@,@,@,@,@,아동,청소년,청년,중장년,노년,@,@,창업,농어업인,중소기업,@,@,자녀없음/상관없음,@,@,@,@,@,@,장애인,@,@,@,@,@,@,@,@,일상생활,@,@,@,@,@,@,@,2
268,269,전국,@,전국구,@,@,@,@,@,@,아동,청소년,청년,중장년,노년,@,@,@,@,@,일반,@,자녀없음/상관없음,@,@,@,@,@,@,@,@,@,@,@,@,해당없음,일자리,@,@,@,@,@,@,@,@,@,11
269,270,전국,@,전국구,@,@,@,@,@,@,아동,청소년,청년,중장년,노년,@,무직,@,@,@,@,@,자녀없음/상관없음,@,@,@,@,@,@,@,@,@,@,@,@,해당없음,일자리,@,@,@,@,@,@,@,@,@,8
270,271,전국,@,전국구,@,@,@,@,@,@,@,청소년,청년,중장년,노년,@,@,@,@,@,일반,@,자녀없음/상관없음,@,@,@,@,@,@,@,@,@,@,@,@,해당없음,@,@,@,@,@,사업목적해당없음,@,@,@,@,18
271,272,전국,@,전국구,@,@,@,@,@,@,@,@,@,@,노년,@,@,@,@,@,일반,@,자녀없음/상관없음,@,@,@,@,@,@,@,@,@,@,@,@,해당없음,@,@,@,신체건강/보건의료,@,@,@,@,@,@,14
272,273,전국,@,전국구,@,@,@,@,@,@,아동,청소년,청년,중장년,노년,@,@,@,@,@,일반,@,자녀없음/상관없음,@,@,@,@,@,@,@,@,@,@,@,@,해당없음,@,@,일상생활,신체건강/보건의료,@,@,@,@,@,@,14
273,274,전국,@,전국구,@,@,@,@,@,@,아동,청소년,청년,중장년,노년,@,@,@,@,@,일반,@,자녀없음/상관없음,@,@,@,@,@,@,@,@,@,@,@,@,해당없음,@,@,@,@,정신건강/심리정서,@,@,@,@,@,14
274,275,전국,@,전국구,@,@,@,@,@,@,아동,청소년,청년,중장년,노년,@,@,@,@,@,일반,@,자녀없음/상관없음,@,@,@,@,@,@,@,@,@,@,@,@,해당없음,@,@,@,@,@,@,@,@,보육/교육,@,4
275,276,전국,@,전국구,@,@,@,@,@,@,아동,청소년,청년,중장년,노년,@,@,@,@,@,일반,@,자녀없음/상관없음,@,@,@,@,@,@,@,@,@,@,@,@,해당없음,@,@,일상생활,@,@,@,@,@,@,@,16
276,277,전국,@,전국구,@,@,@,@,@,@,아동,청소년,청년,중장년,노년,@,@,@,@,@,일반,@,자녀없음/상관없음,@,@,@,@,@,@,@,@,@,@,@,@,해당없음,@,@,@,@,@,@,@,@,보육/교육,@,17
277,278,전국,@,전국구,@,@,@,@,@,@,@,@,@,@,노년,@,@,@,@,@,일반,@,자녀없음/상관없음,@,@,@,@,@,@,@,@,@,@,@,@,해당없음,@,@,일상생활,@,@,@,@,@,@,@,16
278,279,전국,@,전국구,@,@,@,@,@,@,@,@,청년,중장년,노년,@,@,@,@,@,일반,@,자녀없음/상관없음,@,@,@,@,@,@,장애인,@,@,@,@,@,@,@,@,@,@,@,@,@,문화/여가,@,@,11
279,280,전국,@,전국구,@,@,@,@,@,@,아동,청소년,청년,중장년,노년,@,@,@,@,@,일반,@,자녀없음/상관없음,@,@,@,@,@,@,@,@,@,@,@,@,해당없음,@,@,@,@,정신건강/심리정서,@,@,@,@,@,6
280,281,전국,@,전국구,@,@,@,@,@,@,아동,청소년,청년,중장년,노년,@,무직,창업,@,@,@,@,자녀없음/상관없음,@,@,@,다문화/탈북민,@,@,@,@,@,@,@,@,@,일자리,@,@,@,@,@,@,@,@,@,8
281,282,전국,@,전국구,@,@,@,@,@,@,아동,청소년,청년,중장년,노년,@,@,@,@,@,일반,@,자녀없음/상관없음,@,@,@,@,@,@,@,저소득층,@,@,@,@,@,@,@,@,신체건강/보건의료,@,@,@,@,@,@,14
282,283,전국,@,전국구,@,@,@,@,@,@,아동,청소년,@,@,@,@,@,@,@,@,일반,@,자녀없음/상관없음,@,@,@,@,@,@,@,@,@,@,@,@,해당없음,@,@,@,@,@,사업목적해당없음,@,@,@,@,8
283,284,전국,@,전국구,@,@,@,@,@,@,아동,청소년,청년,중장년,노년,학생,@,@,@,@,@,@,자녀없음/상관없음,@,@,@,@,@,@,장애인,@,@,@,@,@,@,@,@,@,@,@,@,@,@,보육/교육,@,15
284,285,전국,@,전국구,@,@,@,@,@,@,아동,청소년,청년,중장년,노년,학생,@,@,@,@,@,@,자녀없음/상관없음,@,@,@,@,@,@,@,@,@,@,@,@,해당없음,@,@,@,@,@,@,@,@,보육/교육,@,5
285,286,전국,@,전국구,@,@,@,@,@,@,아동,청소년,청년,중장년,노년,학생,@,@,@,@,@,@,자녀없음/상관없음,@,@,@,@,@,@,@,@,@,@,@,@,해당없음,@,@,@,@,@,@,안전/권익보장,@,보육/교육,@,18
286,287,전국,@,전국구,@,@,@,@,@,@,아동,청소년,청년,중장년,노년,@,@,@,@,@,일반,@,자녀없음/상관없음,@,@,@,@,@,@,@,@,@,@,@,@,해당없음,@,@,@,신체건강/보건의료,@,@,@,@,@,@,2
287,288,전국,@,전국구,@,@,@,@,@,@,아동,청소년,청년,중장년,노년,@,@,@,@,중소기업,@,@,자녀없음/상관없음,@,@,@,@,@,@,@,@,@,@,@,@,해당없음,@,@,@,신체건강/보건의료,@,@,@,@,@,@,2
288,289,전국,@,전국구,@,@,@,@,@,@,아동,청소년,@,@,@,학생,@,@,@,@,@,@,자녀없음/상관없음,@,@,@,@,@,@,장애인,@,@,@,@,@,@,@,@,@,@,@,@,@,@,@,보호/돌봄/요양,15
289,290,전국,@,전국구,@,@,@,@,@,@,@,@,@,중장년,노년,@,@,@,@,@,일반,@,자녀없음/상관없음,@,@,@,@,@,@,@,저소득층,한부모/조손,@,@,@,@,@,@,@,신체건강/보건의료,@,@,@,@,@,@,7
290,291,전국,@,전국구,@,@,@,@,@,@,아동,청소년,청년,중장년,노년,학생,@,@,@,@,@,@,자녀없음/상관없음,@,@,@,@,@,@,@,@,@,@,@,@,해당없음,@,@,@,@,@,@,@,@,@,보호/돌봄/요양,6
291,292,전국,@,전국구,@,@,@,@,@,@,@,@,@,@,노년,@,@,@,@,@,일반,@,자녀없음/상관없음,@,@,@,@,@,@,@,@,@,@,@,@,해당없음,@,@,@,@,@,@,@,@,@,보호/돌봄/요양,0
292,293,전국,@,전국구,@,@,@,@,@,@,아동,청소년,청년,중장년,노년,학생,@,@,@,@,@,@,자녀없음/상관없음,@,@,@,@,@,@,@,저소득층,한부모/조손,@,@,@,@,@,@,@,신체건강/보건의료,@,@,@,@,@,@,15
293,294,전국,@,전국구,@,@,@,@,@,@,@,@,@,@,@,@,@,@,@,@,일반,@,자녀없음/상관없음,@,@,@,@,@,@,@,@,@,@,@,@,해당없음,@,@,@,@,@,@,@,@,보육/교육,@,5
294,295,전국,@,전국구,@,@,@,@,@,@,아동,청소년,청년,중장년,노년,@,@,@,@,@,일반,@,자녀없음/상관없음,@,@,@,@,@,@,@,저소득층,@,@,@,@,@,@,@,@,신체건강/보건의료,@,@,@,@,@,@,14
295,296,전국,@,전국구,@,@,@,@,@,@,아동,청소년,청년,중장년,노년,@,@,@,@,@,일반,@,자녀없음/상관없음,@,@,@,@,@,@,@,저소득층,@,@,@,@,@,@,@,@,신체건강/보건의료,@,@,@,@,@,@,14
296,297,전국,@,전국구,@,@,@,@,@,@,아동,청소년,청년,중장년,노년,@,@,@,@,@,일반,@,자녀없음/상관없음,@,@,@,@,@,@,@,@,@,@,@,@,해당없음,@,@,일상생활,@,@,@,@,@,보육/교육,@,5
297,298,전국,@,전국구,@,@,@,@,@,@,아동,청소년,청년,중장년,노년,@,무직,창업,농어업인,중소기업,@,@,자녀없음/상관없음,@,@,@,@,@,@,장애인,@,@,@,@,@,@,일자리,@,@,@,@,@,@,@,@,@,10
298,299,전국,@,전국구,@,@,@,@,@,@,아동,청소년,청년,중장년,노년,@,@,@,@,@,일반,@,자녀없음/상관없음,@,@,@,@,@,@,@,저소득층,@,@,@,@,@,@,@,@,@,@,@,@,@,보육/교육,@,13
299,300,전국,@,전국구,@,@,@,@,@,@,아동,청소년,청년,중장년,노년,@,@,@,@,@,일반,@,자녀없음/상관없음,@,@,@,다문화/탈북민,@,@,@,@,@,@,@,@,@,@,주거,@,@,@,사업목적해당없음,@,@,@,@,8
300,301,전국,@,전국구,@,@,@,@,@,@,아동,청소년,청년,중장년,노년,@,@,@,@,@,일반,@,자녀없음/상관없음,@,@,@,@,@,@,@,@,@,@,@,@,해당없음,@,@,@,@,정신건강/심리정서,@,@,@,@,@,1
301,302,전국,@,전국구,@,@,@,@,@,@,아동,청소년,청년,중장년,노년,@,@,창업,@,@,@,@,자녀없음/상관없음,@,@,@,@,@,@,@,@,@,@,@,@,해당없음,일자리,@,@,@,@,@,@,@,@,@,17
302,303,전국,@,전국구,@,@,@,@,@,@,아동,청소년,청년,중장년,노년,@,@,@,@,@,일반,@,자녀없음/상관없음,@,@,@,@,@,@,@,저소득층,@,@,@,@,@,@,@,@,신체건강/보건의료,@,@,@,@,@,@,19
303,304,전국,@,전국구,@,@,@,@,@,@,아동,청소년,청년,중장년,노년,@,@,@,@,@,일반,@,자녀없음/상관없음,@,@,@,다문화/탈북민,@,@,@,@,@,@,@,@,@,@,@,@,@,@,@,안전/권익보장,@,@,@,8
304,305,전국,@,전국구,@,@,@,@,@,@,@,청소년,청년,중장년,@,@,@,@,@,@,일반,@,자녀없음/상관없음,@,@,@,@,@,@,장애인,저소득층,@,@,@,@,@,@,@,@,@,@,@,@,문화/여가,@,@,3
305,306,전국,@,전국구,@,@,@,@,@,@,아동,청소년,청년,중장년,노년,@,@,창업,@,@,@,@,자녀없음/상관없음,@,@,@,@,@,@,장애인,@,@,@,@,@,@,@,@,@,@,@,사업목적해당없음,@,@,@,@,17
306,307,전국,@,전국구,@,@,@,@,@,@,아동,청소년,청년,중장년,노년,@,@,@,@,@,일반,@,자녀없음/상관없음,@,@,@,@,@,@,@,@,@,@,@,@,해당없음,@,@,일상생활,@,@,@,@,@,@,@,5
307,308,전국,@,전국구,@,@,@,@,@,@,아동,청소년,청년,중장년,노년,@,@,@,@,@,일반,@,자녀없음/상관없음,@,@,@,@,@,@,@,저소득층,@,@,@,@,@,@,@,일상생활,@,@,@,@,@,@,@,3
308,309,전국,@,전국구,@,@,@,@,@,@,@,청소년,@,@,@,학생,@,@,@,@,@,@,자녀없음/상관없음,@,@,@,@,@,@,@,저소득층,한부모/조손,@,@,@,@,@,@,@,신체건강/보건의료,@,@,@,@,@,@,15
309,310,전국,@,전국구,@,@,@,@,@,@,아동,청소년,청년,중장년,노년,@,@,@,@,@,일반,@,자녀없음/상관없음,@,@,@,@,@,@,@,@,@,@,@,@,해당없음,@,@,@,@,@,사업목적해당없음,@,@,@,@,16
310,311,전국,@,전국구,@,@,@,@,@,@,아동,청소년,청년,중장년,노년,@,@,@,@,@,일반,@,자녀없음/상관없음,@,@,@,@,@,@,@,@,@,@,@,@,해당없음,@,@,@,신체건강/보건의료,@,@,@,@,@,@,19
311,312,전국,@,전국구,@,@,@,@,@,@,아동,청소년,청년,중장년,노년,@,@,@,@,@,일반,@,자녀없음/상관없음,@,@,@,@,@,@,@,@,@,@,@,@,해당없음,@,@,일상생활,@,@,@,@,@,@,@,16
312,313,전국,@,전국구,@,@,@,@,@,@,아동,청소년,청년,중장년,노년,@,@,@,@,@,일반,@,자녀없음/상관없음,@,@,@,@,@,@,장애인,저소득층,@,@,@,@,@,@,@,@,신체건강/보건의료,@,@,@,@,@,@,14
313,314,전국,@,전국구,@,@,@,@,@,@,아동,청소년,청년,중장년,노년,@,무직,@,@,@,@,@,자녀없음/상관없음,@,@,@,@,@,@,@,@,@,@,@,@,해당없음,일자리,@,@,@,@,@,@,@,@,@,8
314,315,전국,@,전국구,@,@,@,@,@,@,아동,청소년,청년,중장년,노년,@,@,@,@,@,일반,@,자녀없음/상관없음,@,@,@,@,@,@,@,@,@,@,@,@,해당없음,@,@,@,@,@,사업목적해당없음,@,@,@,@,18
315,316,전국,@,전국구,@,@,@,@,@,@,아동,청소년,청년,중장년,노년,학생,@,@,@,@,@,@,자녀없음/상관없음,@,@,@,@,@,@,@,@,@,@,@,@,해당없음,@,@,@,@,@,@,@,@,@,보호/돌봄/요양,15
316,317,전국,@,전국구,@,@,@,@,@,@,아동,청소년,@,@,@,학생,@,@,@,@,@,@,자녀없음/상관없음,@,@,@,@,@,@,@,@,@,@,@,@,해당없음,@,@,@,@,정신건강/심리정서,@,@,@,@,@,15
317,318,전국,@,전국구,@,@,@,@,@,@,아동,청소년,청년,중장년,노년,학생,@,@,@,@,@,@,자녀없음/상관없음,@,@,@,@,@,@,@,@,한부모/조손,@,@,@,@,@,@,@,@,@,@,@,@,@,보호/돌봄/요양,7
318,319,전국,@,전국구,@,@,@,@,@,@,아동,청소년,청년,@,@,학생,@,@,@,@,@,@,자녀없음/상관없음,@,@,@,@,@,@,@,@,@,@,@,@,해당없음,@,@,@,@,@,@,@,문화/여가,@,@,11
319,320,전국,@,전국구,@,@,@,@,@,@,아동,청소년,@,@,@,학생,@,@,@,@,@,@,자녀없음/상관없음,@,@,@,다문화/탈북민,@,@,@,@,@,@,@,@,@,@,@,@,@,@,@,@,@,보육/교육,@,5
320,321,전국,@,전국구,@,@,@,@,@,@,아동,청소년,청년,중장년,노년,@,무직,@,@,@,@,@,자녀없음/상관없음,@,@,@,@,@,@,장애인,@,@,@,@,@,@,일자리,@,@,@,@,@,@,@,@,@,10
321,322,전국,@,전국구,@,@,@,@,@,@,아동,청소년,청년,중장년,노년,@,@,@,@,@,일반,@,자녀없음/상관없음,@,@,@,@,@,@,@,저소득층,@,@,@,@,@,@,@,@,신체건강/보건의료,@,@,@,@,@,@,14
322,323,전국,@,전국구,@,@,@,@,@,@,@,@,@,@,노년,@,@,@,@,@,일반,@,자녀없음/상관없음,@,@,@,@,@,@,@,저소득층,@,@,@,@,@,@,@,@,@,@,@,@,@,@,보호/돌봄/요양,0
323,324,전국,@,전국구,@,@,@,@,@,@,아동,청소년,청년,중장년,노년,@,@,@,@,@,일반,@,자녀없음/상관없음,@,@,@,@,@,@,@,@,@,@,@,@,해당없음,@,@,@,신체건강/보건의료,@,@,@,@,@,@,5
324,325,전국,@,전국구,@,@,@,@,@,@,아동,청소년,청년,중장년,노년,@,@,@,@,@,일반,@,자녀없음/상관없음,@,@,@,@,@,@,@,@,@,@,@,@,해당없음,@,@,@,@,@,사업목적해당없음,@,@,@,@,9
325,326,전국,@,전국구,@,@,@,@,@,@,아동,청소년,청년,중장년,노년,@,@,@,@,@,일반,@,자녀없음/상관없음,@,@,@,@,@,@,@,@,@,@,@,@,해당없음,@,@,@,신체건강/보건의료,@,@,@,@,@,@,1
326,327,전국,@,전국구,@,@,@,@,@,@,아동,청소년,@,@,@,학생,무직,@,@,@,@,@,자녀없음/상관없음,@,@,@,@,@,@,장애인,@,@,@,@,@,@,@,@,@,신체건강/보건의료,@,@,@,@,@,@,16
327,328,전국,@,전국구,@,@,@,@,@,@,아동,청소년,청년,중장년,노년,@,@,@,@,@,일반,@,자녀없음/상관없음,@,@,@,@,@,@,@,@,@,@,@,@,해당없음,@,@,일상생활,@,@,@,@,@,@,@,4
328,329,전국,@,전국구,@,@,@,@,@,@,아동,청소년,청년,중장년,노년,학생,@,@,@,@,@,@,자녀없음/상관없음,@,@,@,@,@,@,@,@,@,@,@,@,해당없음,@,@,@,@,@,사업목적해당없음,@,@,@,@,9
329,330,전국,@,전국구,@,@,@,@,@,@,아동,청소년,청년,중장년,노년,@,@,@,@,@,일반,@,자녀없음/상관없음,@,@,@,@,@,@,@,저소득층,@,@,@,@,@,@,@,일상생활,@,@,@,@,@,@,@,3
330,331,전국,@,전국구,@,@,@,@,@,@,아동,청소년,청년,중장년,노년,@,@,@,@,@,일반,@,자녀없음/상관없음,@,@,@,@,@,@,@,@,@,@,@,@,해당없음,@,@,@,@,@,사업목적해당없음,@,@,@,@,11
331,332,전국,@,전국구,@,@,@,@,@,@,아동,청소년,청년,@,@,학생,@,@,@,@,@,@,자녀없음/상관없음,@,@,@,@,@,@,@,@,@,@,@,@,해당없음,@,@,@,@,정신건강/심리정서,@,@,@,@,@,15
332,333,전국,@,전국구,@,@,@,@,@,@,아동,청소년,청년,중장년,노년,@,@,@,@,@,일반,@,자녀없음/상관없음,@,@,@,@,@,@,@,@,@,@,@,@,해당없음,@,주거,@,@,@,@,@,@,@,@,16
333,334,전국,@,전국구,@,@,@,@,@,@,아동,청소년,청년,중장년,노년,@,@,@,@,@,일반,@,자녀없음/상관없음,@,@,@,@,@,@,@,저소득층,@,@,@,@,@,@,@,@,신체건강/보건의료,@,@,@,@,@,@,19
334,335,전국,@,전국구,@,@,@,@,@,@,아동,청소년,청년,중장년,노년,@,@,@,@,@,일반,@,자녀없음/상관없음,@,@,@,@,@,보훈대상자/국가유공자,@,@,@,@,@,@,@,@,@,@,@,@,@,안전/권익보장,@,@,@,12
335,336,전국,@,전국구,@,@,@,@,@,@,아동,청소년,청년,@,@,학생,@,@,@,@,@,@,자녀없음/상관없음,@,@,@,@,@,@,@,@,@,@,@,@,해당없음,@,@,@,@,정신건강/심리정서,@,@,@,@,@,6
336,337,전국,@,전국구,@,@,@,@,@,@,@,@,@,중장년,노년,@,@,창업,@,@,@,@,자녀없음/상관없음,@,@,@,@,@,@,@,@,@,@,@,@,해당없음,일자리,@,@,@,@,@,@,@,@,@,17
337,338,전국,@,전국구,@,@,@,@,@,@,아동,청소년,청년,중장년,노년,@,@,@,@,@,일반,@,자녀없음/상관없음,@,@,@,다문화/탈북민,@,@,@,@,@,@,@,@,@,@,@,@,신체건강/보건의료,@,@,@,@,@,@,19
338,339,전국,@,전국구,@,@,@,@,@,@,아동,청소년,청년,중장년,노년,@,@,@,농어업인,@,@,@,자녀없음/상관없음,@,@,@,@,@,@,@,@,@,@,@,@,해당없음,일자리,@,@,@,@,@,@,@,@,@,5
339,340,전국,@,전국구,@,@,@,@,@,@,아동,청소년,청년,중장년,노년,@,무직,@,@,@,@,@,자녀없음/상관없음,@,@,@,@,@,보훈대상자/국가유공자,@,@,@,@,@,@,@,일자리,@,@,@,@,@,@,@,@,@,8
340,341,전국,@,전국구,@,@,@,@,@,@,아동,청소년,청년,중장년,노년,@,@,@,@,@,일반,@,자녀없음/상관없음,@,@,@,@,@,@,@,저소득층,@,@,@,@,@,@,@,일상생활,@,@,@,@,@,@,@,3
341,342,전국,@,전국구,@,@,@,@,@,@,아동,청소년,청년,중장년,노년,@,@,창업,@,@,@,@,자녀없음/상관없음,@,@,@,@,@,@,@,@,@,@,@,@,해당없음,@,@,@,@,@,사업목적해당없음,@,@,@,@,17
342,343,전국,@,전국구,@,@,@,@,@,@,아동,청소년,청년,중장년,노년,@,@,@,@,@,일반,@,자녀없음/상관없음,@,@,@,@,@,@,장애인,저소득층,@,@,@,@,@,@,@,@,@,@,@,@,@,@,보호/돌봄/요양,3
343,344,전국,@,전국구,@,@,@,@,@,@,아동,청소년,청년,중장년,노년,@,@,@,@,@,일반,@,자녀없음/상관없음,@,@,@,@,@,@,@,@,@,@,@,@,해당없음,@,주거,@,@,@,@,@,@,@,@,6
344,345,전국,@,전국구,@,@,@,@,@,@,아동,청소년,@,@,노년,@,@,@,@,@,일반,@,자녀없음/상관없음,@,@,@,@,@,@,@,@,@,@,@,@,해당없음,@,@,@,신체건강/보건의료,@,@,@,@,@,@,14
345,346,전국,@,전국구,@,@,@,@,@,@,@,@,청년,중장년,노년,@,@,@,@,@,일반,@,자녀없음/상관없음,@,@,@,@,@,@,@,@,@,@,@,@,해당없음,@,@,일상생활,@,@,@,안전/권익보장,@,@,@,12
346,347,전국,@,전국구,@,@,@,@,@,@,아동,청소년,청년,중장년,노년,@,@,@,@,@,일반,@,자녀없음/상관없음,@,@,@,@,@,@,@,@,@,@,@,@,해당없음,@,@,@,@,@,사업목적해당없음,@,@,@,@,6
347,348,전국,@,전국구,@,@,@,@,@,@,아동,청소년,청년,중장년,노년,@,@,@,@,@,일반,@,자녀없음/상관없음,@,@,@,@,@,보훈대상자/국가유공자,@,@,@,@,@,@,@,@,@,@,@,@,@,@,@,보육/교육,@,9
348,349,전국,@,전국구,@,@,@,@,@,@,아동,청소년,청년,중장년,노년,@,@,@,@,@,일반,@,자녀없음/상관없음,@,@,@,@,@,@,@,@,@,@,@,@,해당없음,@,@,@,@,@,@,안전/권익보장,@,@,@,11
349,350,전국,@,전국구,@,@,@,@,@,@,아동,청소년,청년,중장년,노년,@,@,@,@,@,일반,@,자녀없음/상관없음,@,@,@,@,@,@,@,저소득층,@,@,@,@,@,@,@,@,신체건강/보건의료,@,@,@,@,@,@,14
350,351,전국,@,전국구,@,@,@,@,@,@,아동,청소년,청년,중장년,노년,@,@,@,@,@,일반,@,자녀없음/상관없음,@,@,@,@,@,@,장애인,@,@,@,@,@,@,@,@,일상생활,@,@,@,@,@,@,@,4
351,352,전국,@,전국구,@,@,@,@,@,@,아동,청소년,청년,중장년,노년,@,@,@,@,@,일반,@,자녀없음/상관없음,@,@,@,@,@,@,장애인,@,@,@,@,@,@,@,@,@,@,@,사업목적해당없음,@,@,@,@,18
352,353,전국,@,전국구,@,@,@,@,@,@,@,청소년,청년,@,@,학생,@,@,@,@,@,@,자녀없음/상관없음,@,@,@,@,@,@,@,@,@,@,@,@,해당없음,@,주거,@,@,@,@,@,@,@,@,9
353,354,전국,@,전국구,@,@,@,@,@,@,아동,청소년,청년,중장년,노년,@,@,@,@,@,일반,@,자녀없음/상관없음,@,@,@,@,@,@,@,@,@,@,@,@,해당없음,@,주거,@,@,@,@,@,@,@,@,9
354,355,전국,@,전국구,@,@,@,@,@,@,아동,청소년,청년,중장년,노년,@,@,@,@,@,일반,@,자녀없음/상관없음,@,@,@,@,@,@,@,@,@,@,@,@,해당없음,@,@,@,@,정신건강/심리정서,@,@,@,@,보호/돌봄/요양,18
355,356,전국,@,전국구,@,@,@,@,@,@,아동,청소년,청년,중장년,노년,@,@,@,@,@,일반,@,자녀없음/상관없음,@,@,@,@,@,@,@,@,@,@,@,@,해당없음,@,@,@,@,@,@,@,@,보육/교육,@,17
356,357,전국,@,전국구,@,@,@,@,@,@,아동,청소년,청년,중장년,노년,@,@,@,@,@,일반,@,자녀없음/상관없음,@,@,@,@,@,@,@,@,@,@,@,@,해당없음,@,@,일상생활,신체건강/보건의료,@,@,@,@,@,@,0
357,358,전국,@,전국구,@,@,@,@,@,@,아동,청소년,청년,중장년,노년,@,@,@,@,@,일반,@,자녀없음/상관없음,@,@,@,@,@,@,@,@,@,@,@,@,해당없음,@,@,@,신체건강/보건의료,@,@,@,@,@,보호/돌봄/요양,8
358,359,전국,@,전국구,@,@,@,@,@,@,아동,청소년,청년,중장년,노년,학생,@,@,@,@,@,@,자녀없음/상관없음,@,@,@,@,@,@,@,저소득층,한부모/조손,@,@,@,@,@,@,@,@,@,@,@,@,보육/교육,@,7
359,360,전국,@,전국구,@,@,@,@,@,@,아동,청소년,청년,중장년,노년,@,@,@,@,@,일반,@,자녀없음/상관없음,@,@,@,@,@,@,@,저소득층,@,@,@,@,@,@,@,@,신체건강/보건의료,@,@,@,@,@,@,14
360,361,전국,@,전국구,@,@,@,@,@,@,아동,청소년,청년,중장년,노년,@,@,@,@,@,일반,@,자녀없음/상관없음,@,@,@,@,@,@,@,@,@,@,@,@,해당없음,@,@,일상생활,@,@,@,@,@,@,@,16
361,362,전국,@,전국구,@,@,@,@,@,@,아동,청소년,청년,중장년,노년,@,@,@,@,@,일반,@,자녀없음/상관없음,@,@,@,@,@,@,@,@,@,@,@,@,해당없음,@,주거,@,@,@,@,@,@,@,@,9
362,363,전국,@,전국구,@,@,@,@,@,@,아동,청소년,청년,중장년,노년,@,@,@,@,@,일반,@,자녀없음/상관없음,@,@,@,@,@,@,장애인,@,@,@,@,@,@,@,@,@,@,@,사업목적해당없음,@,@,@,@,8
363,364,전국,@,전국구,@,@,@,@,@,@,아동,청소년,청년,중장년,노년,@,@,@,농어업인,@,@,@,자녀없음/상관없음,@,@,@,@,@,@,@,저소득층,@,@,@,@,@,@,@,@,신체건강/보건의료,@,@,@,@,@,@,2
364,365,전국,@,전국구,@,@,@,@,@,@,@,@,@,@,노년,@,@,창업,농어업인,중소기업,@,@,자녀없음/상관없음,@,@,@,@,@,@,장애인,@,한부모/조손,@,@,@,@,@,@,일상생활,@,@,@,@,@,@,@,16
365,366,전국,@,전국구,@,@,@,@,@,@,아동,청소년,청년,중장년,노년,@,@,창업,@,@,@,@,자녀없음/상관없음,@,@,@,@,@,@,@,@,@,@,@,@,해당없음,@,@,@,@,@,사업목적해당없음,@,@,@,@,17
366,367,전국,@,전국구,@,@,@,@,@,@,아동,청소년,@,@,@,@,@,@,@,@,일반,@,자녀없음/상관없음,@,@,@,@,@,@,@,@,@,@,@,@,해당없음,@,@,@,@,@,사업목적해당없음,@,@,@,@,18
367,368,전국,@,전국구,@,@,@,@,@,@,아동,청소년,청년,@,@,학생,@,@,@,@,@,@,자녀없음/상관없음,@,@,@,@,@,@,@,@,@,@,@,@,해당없음,@,@,@,@,정신건강/심리정서,@,@,@,@,@,6
368,369,전국,@,전국구,@,@,@,@,@,@,@,@,@,@,@,@,@,@,@,@,일반,@,자녀없음/상관없음,@,@,@,@,@,@,@,저소득층,@,@,@,@,@,@,@,@,신체건강/보건의료,@,@,@,@,@,@,19
369,370,전국,@,전국구,@,@,@,@,@,@,아동,청소년,청년,중장년,노년,@,@,@,@,@,일반,@,자녀없음/상관없음,@,@,@,@,@,@,@,저소득층,@,@,@,@,@,@,@,@,신체건강/보건의료,@,@,@,@,@,@,14
370,371,전국,@,전국구,@,@,@,@,@,@,아동,청소년,청년,중장년,노년,@,무직,@,@,@,@,@,자녀없음/상관없음,@,@,@,@,@,@,@,@,@,@,@,@,해당없음,일자리,@,@,@,@,@,@,@,@,@,10
371,372,전국,@,전국구,@,@,@,@,@,@,@,@,청년,중장년,노년,@,@,@,@,@,일반,@,자녀없음/상관없음,@,@,@,@,@,@,@,저소득층,@,@,@,@,@,@,@,@,@,@,@,@,@,보육/교육,@,3
372,373,전국,@,전국구,@,@,@,@,@,@,@,@,@,중장년,노년,@,@,@,@,@,일반,@,자녀없음/상관없음,@,@,@,@,@,@,@,@,@,@,@,@,해당없음,@,@,@,@,@,사업목적해당없음,@,@,@,@,3
373,374,전국,@,전국구,@,@,@,@,@,@,아동,청소년,@,@,@,@,@,@,@,@,일반,@,자녀없음/상관없음,@,@,@,@,@,@,@,@,@,@,@,@,해당없음,@,@,@,신체건강/보건의료,@,@,@,@,@,@,14
374,375,전국,@,전국구,@,@,@,@,@,@,아동,청소년,청년,중장년,노년,@,@,@,@,@,일반,@,자녀없음/상관없음,@,@,@,@,@,@,@,@,@,@,@,@,해당없음,@,@,@,@,@,@,@,@,@,보호/돌봄/요양,12
375,376,전국,@,전국구,@,@,@,@,@,@,아동,청소년,청년,중장년,노년,@,@,@,@,@,일반,@,자녀없음/상관없음,@,@,@,@,@,@,@,@,@,@,@,@,해당없음,@,주거,@,@,@,@,@,@,@,@,16
376,377,전국,@,전국구,@,@,@,@,@,@,@,청소년,청년,중장년,노년,@,무직,@,@,@,@,@,자녀없음/상관없음,@,@,@,@,@,@,@,@,@,@,@,@,해당없음,일자리,@,@,@,@,@,@,@,@,@,8
377,378,전국,@,전국구,@,@,@,@,@,@,@,@,@,@,@,학생,@,@,@,@,@,@,자녀없음/상관없음,@,@,@,@,@,@,@,@,@,@,@,@,해당없음,@,@,@,신체건강/보건의료,@,@,@,@,@,@,14
378,379,전국,@,전국구,@,@,@,@,@,@,아동,청소년,청년,중장년,노년,@,@,@,@,@,일반,@,자녀없음/상관없음,@,@,@,@,@,@,장애인,저소득층,@,@,@,@,@,@,@,@,신체건강/보건의료,@,@,@,@,@,@,19
379,380,전국,@,전국구,@,@,@,@,@,@,아동,청소년,청년,중장년,노년,@,@,@,@,@,일반,@,자녀없음/상관없음,@,@,@,@,@,@,@,@,@,@,@,@,해당없음,@,@,@,@,@,@,@,@,@,보호/돌봄/요양,1
380,381,전국,@,전국구,@,@,@,@,@,@,아동,청소년,청년,중장년,노년,@,@,@,@,@,일반,@,자녀없음/상관없음,@,@,@,@,@,@,@,@,@,@,@,@,해당없음,@,@,@,@,@,사업목적해당없음,@,@,@,@,3
381,382,전국,@,전국구,@,@,@,@,@,@,@,@,@,@,@,@,@,@,@,@,일반,@,자녀없음/상관없음,@,@,@,@,@,@,@,@,@,@,@,@,해당없음,@,@,@,@,@,@,@,@,보육/교육,@,18
382,383,전국,@,전국구,@,@,@,@,@,@,아동,청소년,청년,중장년,노년,@,무직,@,@,@,@,@,자녀없음/상관없음,@,@,@,@,@,@,@,@,@,@,@,@,해당없음,일자리,@,@,@,@,@,@,@,@,@,8
383,384,전국,@,전국구,@,@,@,@,@,@,@,@,@,@,노년,@,@,@,@,@,일반,@,자녀없음/상관없음,@,@,@,@,@,@,@,@,@,@,@,@,해당없음,@,@,@,@,@,@,안전/권익보장,@,@,@,0
384,385,전국,@,전국구,@,@,@,@,@,@,아동,청소년,청년,중장년,노년,@,@,@,@,@,일반,@,자녀없음/상관없음,@,@,@,@,@,@,@,@,@,@,@,@,해당없음,@,@,@,@,@,@,@,@,보육/교육,@,18
385,386,전국,@,전국구,@,@,@,@,@,@,아동,청소년,청년,@,@,학생,@,@,@,@,@,@,자녀없음/상관없음,@,@,@,@,@,@,@,@,@,@,@,@,해당없음,@,@,@,@,@,@,@,@,보육/교육,보호/돌봄/요양,11
386,387,전국,@,전국구,@,@,@,@,@,@,아동,청소년,청년,중장년,노년,학생,@,@,@,@,@,@,자녀없음/상관없음,@,@,@,@,@,@,장애인,저소득층,한부모/조손,@,@,@,@,@,@,@,@,@,@,@,@,보육/교육,@,7
387,388,전국,@,전국구,@,@,@,@,@,@,아동,청소년,청년,중장년,노년,@,@,@,@,@,일반,@,자녀없음/상관없음,@,@,@,@,@,@,@,@,@,@,@,@,해당없음,@,@,@,신체건강/보건의료,@,@,@,@,@,@,19
388,389,전국,@,전국구,@,@,@,@,@,@,아동,청소년,청년,중장년,노년,@,@,@,@,@,일반,@,자녀없음/상관없음,@,@,@,@,@,보훈대상자/국가유공자,장애인,저소득층,@,@,@,@,@,@,@,일상생활,@,@,@,@,@,@,@,3
389,390,전국,@,전국구,@,@,@,@,@,@,아동,청소년,청년,중장년,노년,@,@,@,@,@,일반,@,자녀없음/상관없음,@,@,@,@,@,@,@,저소득층,@,@,@,@,@,@,@,@,@,@,@,@,@,@,보호/돌봄/요양,18
390,391,전국,@,전국구,@,@,@,@,@,@,아동,청소년,청년,중장년,노년,@,무직,@,@,@,@,@,자녀없음/상관없음,@,@,@,@,@,@,장애인,@,@,@,@,@,@,일자리,@,@,@,@,@,@,@,@,@,10
391,392,전국,@,전국구,@,@,@,@,@,@,아동,청소년,청년,중장년,@,@,@,@,@,@,일반,@,자녀없음/상관없음,@,@,@,@,@,@,장애인,@,@,@,@,@,@,@,@,@,신체건강/보건의료,@,@,@,@,@,보호/돌봄/요양,11
392,393,전국,@,전국구,@,@,@,@,@,@,아동,청소년,청년,중장년,노년,@,@,@,@,@,일반,@,자녀없음/상관없음,@,@,@,@,@,보훈대상자/국가유공자,장애인,@,@,@,@,@,@,@,@,일상생활,@,@,@,@,@,@,@,4
393,394,전국,@,전국구,@,@,@,@,@,@,아동,청소년,@,@,@,학생,@,@,@,@,@,@,자녀없음/상관없음,@,@,@,@,@,@,장애인,@,@,@,@,@,@,@,@,@,@,@,@,@,@,@,보호/돌봄/요양,18
394,395,전국,@,전국구,@,@,@,@,@,@,아동,청소년,@,@,@,학생,@,@,@,@,@,@,자녀없음/상관없음,@,@,@,@,@,@,@,@,@,@,@,@,해당없음,@,@,@,@,정신건강/심리정서,@,@,@,@,@,15
395,396,전국,@,전국구,@,@,@,@,@,@,아동,청소년,청년,중장년,노년,@,@,@,@,@,일반,@,자녀없음/상관없음,@,@,@,@,@,@,@,@,@,@,@,@,해당없음,@,@,@,신체건강/보건의료,@,@,@,@,@,@,14
396,397,전국,@,전국구,@,@,@,@,@,@,아동,청소년,청년,중장년,노년,@,@,@,@,@,일반,@,자녀없음/상관없음,@,@,@,@,@,@,@,저소득층,@,@,@,@,@,@,@,일상생활,@,@,@,@,@,@,@,3
397,398,전국,@,전국구,@,@,@,@,@,@,아동,청소년,청년,중장년,노년,@,@,@,@,@,일반,@,자녀없음/상관없음,@,@,@,@,@,@,@,@,@,@,@,@,해당없음,@,@,@,@,@,사업목적해당없음,@,@,@,@,10
398,399,전국,@,전국구,@,@,@,@,@,@,아동,청소년,청년,중장년,노년,학생,@,@,@,@,@,@,자녀없음/상관없음,@,@,@,@,@,@,@,저소득층,@,@,@,@,@,@,@,일상생활,@,@,@,@,@,@,@,3
399,400,전국,@,전국구,@,@,@,@,@,@,아동,청소년,청년,중장년,노년,@,@,@,@,@,일반,@,자녀없음/상관없음,@,@,@,@,@,@,@,@,@,@,@,@,해당없음,@,@,@,신체건강/보건의료,@,사업목적해당없음,@,@,@,@,2
400,401,전국,@,전국구,@,@,@,@,@,@,아동,청소년,청년,중장년,노년,@,@,@,@,@,일반,@,자녀없음/상관없음,@,@,@,@,다자녀,보훈대상자/국가유공자,장애인,저소득층,한부모/조손,@,@,@,@,@,주거,@,@,@,@,@,@,@,@,16
401,402,전국,@,전국구,@,@,@,@,@,@,아동,청소년,청년,중장년,노년,@,@,@,@,@,일반,@,자녀없음/상관없음,@,@,@,@,@,@,@,@,@,@,@,@,해당없음,@,@,@,신체건강/보건의료,정신건강/심리정서,@,@,@,@,@,6
402,403,전국,@,전국구,@,@,@,@,@,@,아동,청소년,청년,중장년,노년,@,@,@,@,@,일반,@,자녀없음/상관없음,@,@,@,@,@,@,@,@,@,@,@,@,해당없음,@,주거,@,@,@,@,@,@,@,@,9
403,404,전국,@,전국구,@,@,@,@,@,@,아동,청소년,청년,중장년,노년,@,@,@,@,@,일반,@,자녀없음/상관없음,@,@,@,@,@,@,@,@,@,@,@,@,해당없음,@,@,@,신체건강/보건의료,@,@,@,@,@,@,8
404,405,전국,@,전국구,@,@,@,@,@,@,아동,청소년,청년,중장년,노년,@,@,@,@,@,일반,@,자녀없음/상관없음,@,@,@,@,@,@,@,저소득층,@,@,@,@,@,@,@,@,신체건강/보건의료,@,@,@,@,@,@,14
405,406,전국,@,전국구,@,@,@,@,@,@,아동,청소년,청년,중장년,노년,@,@,@,@,@,일반,@,자녀없음/상관없음,@,@,@,@,@,보훈대상자/국가유공자,@,@,@,@,@,@,@,@,@,일상생활,신체건강/보건의료,@,@,@,@,@,@,4
406,407,전국,@,전국구,@,@,@,@,@,@,아동,청소년,청년,중장년,노년,@,@,@,@,@,일반,@,자녀없음/상관없음,@,@,@,@,@,@,@,@,@,@,@,@,해당없음,@,@,@,신체건강/보건의료,정신건강/심리정서,@,@,@,@,@,6
407,408,전국,@,전국구,@,@,@,@,@,@,아동,청소년,청년,중장년,노년,학생,@,@,@,@,@,@,자녀없음/상관없음,@,@,@,@,@,@,@,@,@,@,@,@,해당없음,@,@,@,@,@,@,@,@,보육/교육,@,9
408,409,전국,@,전국구,@,@,@,@,@,@,@,@,청년,중장년,노년,학생,@,@,@,@,@,@,자녀없음/상관없음,@,@,@,@,@,@,@,@,@,@,@,@,해당없음,@,@,일상생활,@,@,@,@,@,@,@,9
409,410,전국,@,전국구,@,@,@,@,@,@,아동,청소년,청년,중장년,노년,@,@,@,@,@,일반,@,자녀없음/상관없음,@,@,@,@,@,@,장애인,@,@,@,@,@,@,@,@,@,신체건강/보건의료,@,@,@,@,@,@,13
410,411,전국,@,전국구,@,@,@,@,@,@,아동,청소년,청년,중장년,노년,@,@,@,@,@,일반,@,자녀없음/상관없음,@,@,@,@,@,@,장애인,@,@,@,@,@,@,@,@,일상생활,@,@,@,@,@,보육/교육,보호/돌봄/요양,16
411,412,전국,@,전국구,@,@,@,@,@,@,@,@,@,중장년,노년,@,@,@,@,@,일반,@,자녀없음/상관없음,@,@,@,@,@,@,@,@,@,@,@,@,해당없음,@,@,@,신체건강/보건의료,@,@,@,@,@,@,14
412,413,전국,@,전국구,@,@,@,@,@,@,아동,청소년,청년,중장년,노년,@,무직,@,@,@,@,@,자녀없음/상관없음,@,@,@,@,@,보훈대상자/국가유공자,@,@,@,@,@,@,@,일자리,@,@,@,@,@,@,@,@,@,8
413,414,전국,@,전국구,@,@,@,@,@,@,아동,청소년,@,@,@,@,@,@,@,@,일반,@,자녀없음/상관없음,@,@,@,@,@,@,@,@,@,@,@,@,해당없음,@,@,@,@,@,@,@,@,보육/교육,@,5
414,415,전국,@,전국구,@,@,@,@,@,@,아동,청소년,@,@,@,@,@,@,@,@,일반,@,자녀없음/상관없음,@,@,@,@,@,@,@,저소득층,@,@,@,@,@,@,@,@,@,@,@,@,@,보육/교육,보호/돌봄/요양,18
415,416,전국,@,전국구,@,@,@,@,@,@,아동,청소년,청년,중장년,노년,@,@,@,@,@,일반,@,자녀없음/상관없음,@,@,@,@,@,@,@,@,@,@,@,@,해당없음,@,@,@,@,@,@,@,@,보육/교육,@,13
416,417,전국,@,전국구,@,@,@,@,@,@,아동,청소년,청년,중장년,노년,@,@,@,@,@,일반,@,자녀없음/상관없음,@,@,@,@,@,@,@,@,@,@,@,@,해당없음,@,주거,@,신체건강/보건의료,@,@,@,@,@,보호/돌봄/요양,14
417,418,전국,@,전국구,@,@,@,@,@,@,아동,청소년,청년,중장년,노년,학생,@,@,@,@,@,@,자녀없음/상관없음,@,@,@,@,@,@,@,@,@,@,@,@,해당없음,@,주거,@,@,@,@,@,@,@,@,16
418,419,전국,@,전국구,@,@,@,@,@,@,아동,청소년,@,@,@,학생,@,@,@,@,@,@,자녀없음/상관없음,@,@,@,@,@,@,@,@,@,@,@,@,해당없음,@,@,@,@,@,@,@,@,보육/교육,@,15
419,420,전국,@,전국구,@,@,@,@,@,@,@,청소년,청년,중장년,노년,@,무직,@,@,@,@,@,자녀없음/상관없음,@,@,@,@,@,@,장애인,@,@,@,@,@,@,일자리,@,@,@,@,@,@,@,보육/교육,@,10
420,421,전국,@,전국구,@,@,@,@,@,@,아동,청소년,청년,중장년,노년,@,무직,@,@,@,@,@,자녀없음/상관없음,@,@,@,@,@,@,장애인,@,@,@,@,@,@,일자리,@,@,@,@,@,@,@,@,@,18
421,422,전국,@,전국구,@,@,@,@,@,@,아동,청소년,청년,중장년,노년,@,무직,@,@,@,@,@,자녀없음/상관없음,@,@,@,@,@,@,장애인,@,@,@,@,@,@,일자리,@,@,@,@,@,@,@,@,@,16
422,423,전국,@,전국구,@,@,@,@,@,@,@,@,@,@,@,@,@,@,@,@,일반,@,자녀없음/상관없음,@,@,@,@,@,@,@,@,@,@,@,@,해당없음,@,@,@,@,@,사업목적해당없음,@,@,@,@,8
423,424,전국,@,전국구,@,@,@,@,@,@,@,@,@,@,@,@,@,@,@,@,일반,@,자녀없음/상관없음,@,@,@,@,@,@,@,@,@,@,@,@,해당없음,@,@,@,@,@,@,@,@,보육/교육,@,18
